sku,nombre,categoria,marca,modelo_impresora,compatible_con,stock_actual,stock_minimo,precio_compra,precio_venta,proveedor_id,activo
PAL-BR-TON-0001,Toner compatible Brother 350 magenta,toner,Brother,Brother LaserJet 350,"Brother 350, Brother 351, Brother 352",136,39,35.23,54.14,PROV002,True
PAL-XE-TON-0002,Toner compatible Xerox 195 negro,toner,Xerox,Xerox LaserJet 195,"Xerox 195, Xerox 196, Xerox 197",17,6,34.67,49.83,PROV004,True
PAL-XE-TIN-0003,Tinta compatible Xerox 703 amarillo,tinta,Xerox,Xerox LaserJet 703,"Xerox 703, Xerox 704, Xerox 705",54,15,41.94,66.84,PROV007,True
PAL-LE-TAM-0004,Tambor compatible Lexmark 320 cyan,tambor,Lexmark,Lexmark LaserJet 320,"Lexmark 320, Lexmark 321, Lexmark 322",45,10,124.78,170.29,PROV007,True
PAL-BR-TAM-0005,Tambor compatible Brother 718 magenta,tambor,Brother,Brother LaserJet 718,"Brother 718, Brother 719, Brother 720",94,34,40.27,49.88,PROV002,True
PAL-XE-TON-0006,Toner compatible Xerox 400 tricolor,toner,Xerox,Xerox LaserJet 400,"Xerox 400, Xerox 401, Xerox 402",77,28,109.19,162.25,PROV004,True
PAL-BR-TON-0007,Toner compatible Brother 891 cyan,toner,Brother,Brother LaserJet 891,"Brother 891, Brother 892, Brother 893",87,19,43.31,54.32,PROV002,True
PAL-XE-TAM-0008,Tambor compatible Xerox 750 amarillo,tambor,Xerox,Xerox LaserJet 750,"Xerox 750, Xerox 751, Xerox 752",101,27,109.76,141.58,PROV004,True
PAL-SA-KIT-0009,Kit Mantenimiento compatible Samsung 723 negro,kit mantenimiento,Samsung,Samsung LaserJet 723,"Samsung 723, Samsung 724, Samsung 725",50,20,85.47,123.9,PROV003,True
PAL-KY-FUS-0010,Fusor compatible Kyocera 755 magenta,fusor,Kyocera,Kyocera LaserJet 755,"Kyocera 755, Kyocera 756, Kyocera 757",88,25,91.96,120.88,PROV001,True
PAL-EP-TON-0011,Toner compatible Epson 510 magenta,toner,Epson,Epson LaserJet 510,"Epson 510, Epson 511, Epson 512",63,25,40.66,53.29,PROV004,True
PAL-KY-FUS-0012,Fusor compatible Kyocera 246 amarillo,fusor,Kyocera,Kyocera LaserJet 246,"Kyocera 246, Kyocera 247, Kyocera 248",101,40,40.32,53.47,PROV005,True
PAL-XE-CIN-0013,Cinta compatible Xerox 470 amarillo,cinta,Xerox,Xerox LaserJet 470,"Xerox 470, Xerox 471, Xerox 472",119,37,34.76,57.32,PROV008,True
PAL-BR-TON-0014,Toner compatible Brother 256 negro,toner,Brother,Brother LaserJet 256,"Brother 256, Brother 257, Brother 258",34,32,84.55,131.95,PROV002,True
PAL-XE-FUS-0015,Fusor compatible Xerox 579 tricolor,fusor,Xerox,Xerox LaserJet 579,"Xerox 579, Xerox 580, Xerox 581",6,5,72.55,118.81,PROV002,True
PAL-SA-KIT-0016,Kit Mantenimiento compatible Samsung 214 magenta,kit mantenimiento,Samsung,Samsung LaserJet 214,"Samsung 214, Samsung 215, Samsung 216",12,5,43.81,56.43,PROV005,True
PAL-CA-CIN-0017,Cinta compatible Canon 991 negro,cinta,Canon,Canon LaserJet 991,"Canon 991, Canon 992, Canon 993",73,37,84.29,133.34,PROV004,True
PAL-CA-TAM-0018,Tambor compatible Canon 652 cyan,tambor,Canon,Canon LaserJet 652,"Canon 652, Canon 653, Canon 654",16,5,124.33,201.0,PROV006,True
PAL-KY-TON-0019,Toner compatible Kyocera 471 negro,toner,Kyocera,Kyocera LaserJet 471,"Kyocera 471, Kyocera 472, Kyocera 473",50,24,115.2,181.74,PROV004,True
PAL-HP-TIN-0020,Tinta compatible HP 180 tricolor,tinta,HP,HP LaserJet 180,"HP 180, HP 181, HP 182",14,9,18.45,26.36,PROV003,True
PAL-CA-KIT-0021,Kit Mantenimiento compatible Canon 662 amarillo,kit mantenimiento,Canon,Canon LaserJet 662,"Canon 662, Canon 663, Canon 664",142,32,28.15,40.73,PROV004,True
PAL-EP-KIT-0022,Kit Mantenimiento compatible Epson 508 magenta,kit mantenimiento,Epson,Epson LaserJet 508,"Epson 508, Epson 509, Epson 510",91,33,129.41,194.04,PROV008,True
PAL-BR-TIN-0023,Tinta compatible Brother 165 cyan,tinta,Brother,Brother LaserJet 165,"Brother 165, Brother 166, Brother 167",58,19,49.25,72.54,PROV004,True
PAL-HP-TON-0024,Toner compatible HP 334 negro,toner,HP,HP LaserJet 334,"HP 334, HP 335, HP 336",40,26,16.22,20.01,PROV002,True
PAL-EP-TAM-0025,Tambor compatible Epson 319 amarillo,tambor,Epson,Epson LaserJet 319,"Epson 319, Epson 320, Epson 321",85,35,73.79,112.98,PROV004,True
PAL-KY-FUS-0026,Fusor compatible Kyocera 196 cyan,fusor,Kyocera,Kyocera LaserJet 196,"Kyocera 196, Kyocera 197, Kyocera 198",99,32,19.83,27.87,PROV007,True
PAL-KY-KIT-0027,Kit Mantenimiento compatible Kyocera 789 negro,kit mantenimiento,Kyocera,Kyocera LaserJet 789,"Kyocera 789, Kyocera 790, Kyocera 791",14,8,87.72,131.39,PROV007,True
PAL-LE-TON-0028,Toner compatible Lexmark 296 cyan,toner,Lexmark,Lexmark LaserJet 296,"Lexmark 296, Lexmark 297, Lexmark 298",108,32,31.21,44.1,PROV003,True
PAL-SA-FUS-0029,Fusor compatible Samsung 995 cyan,fusor,Samsung,Samsung LaserJet 995,"Samsung 995, Samsung 996, Samsung 997",95,40,120.64,170.17,PROV002,True
PAL-HP-KIT-0030,Kit Mantenimiento compatible HP 956 tricolor,kit mantenimiento,HP,HP LaserJet 956,"HP 956, HP 957, HP 958",54,20,9.8,12.35,PROV003,True
PAL-XE-FUS-0031,Fusor compatible Xerox 318 amarillo,fusor,Xerox,Xerox LaserJet 318,"Xerox 318, Xerox 319, Xerox 320",35,15,113.49,182.5,PROV007,True
PAL-HP-FUS-0032,Fusor compatible HP 902 magenta,fusor,HP,HP LaserJet 902,"HP 902, HP 903, HP 904",194,40,103.79,139.35,PROV008,True
PAL-CA-TIN-0033,Tinta compatible Canon 322 magenta,tinta,Canon,Canon LaserJet 322,"Canon 322, Canon 323, Canon 324",116,39,126.18,185.36,PROV001,True
PAL-LE-TON-0034,Toner compatible Lexmark 698 negro,toner,Lexmark,Lexmark LaserJet 698,"Lexmark 698, Lexmark 699, Lexmark 700",73,38,66.17,106.89,PROV003,True
PAL-HP-CIN-0035,Cinta compatible HP 971 negro,cinta,HP,HP LaserJet 971,"HP 971, HP 972, HP 973",76,20,30.67,45.26,PROV007,True
PAL-BR-CIN-0036,Cinta compatible Brother 692 cyan,cinta,Brother,Brother LaserJet 692,"Brother 692, Brother 693, Brother 694",55,31,80.53,119.69,PROV006,True
PAL-SA-TIN-0037,Tinta compatible Samsung 344 magenta,tinta,Samsung,Samsung LaserJet 344,"Samsung 344, Samsung 345, Samsung 346",77,24,40.4,51.56,PROV008,True
PAL-LE-TON-0038,Toner compatible Lexmark 569 negro,toner,Lexmark,Lexmark LaserJet 569,"Lexmark 569, Lexmark 570, Lexmark 571",11,11,83.78,122.49,PROV002,True
PAL-EP-CIN-0039,Cinta compatible Epson 235 magenta,cinta,Epson,Epson LaserJet 235,"Epson 235, Epson 236, Epson 237",33,20,121.86,194.83,PROV006,True
PAL-SA-TIN-0040,Tinta compatible Samsung 953 amarillo,tinta,Samsung,Samsung LaserJet 953,"Samsung 953, Samsung 954, Samsung 955",121,38,74.27,100.27,PROV001,True
PAL-SA-KIT-0041,Kit Mantenimiento compatible Samsung 999 negro,kit mantenimiento,Samsung,Samsung LaserJet 999,"Samsung 999, Samsung 1000, Samsung 1001",41,11,24.38,30.95,PROV003,True
PAL-SA-TAM-0042,Tambor compatible Samsung 315 tricolor,tambor,Samsung,Samsung LaserJet 315,"Samsung 315, Samsung 316, Samsung 317",66,21,95.55,124.94,PROV008,True
PAL-SA-TON-0043,Toner compatible Samsung 749 negro,toner,Samsung,Samsung LaserJet 749,"Samsung 749, Samsung 750, Samsung 751",14,5,59.68,79.91,PROV006,True
PAL-CA-KIT-0044,Kit Mantenimiento compatible Canon 265 magenta,kit mantenimiento,Canon,Canon LaserJet 265,"Canon 265, Canon 266, Canon 267",86,32,98.43,143.43,PROV001,True
PAL-BR-TON-0045,Toner compatible Brother 658 cyan,toner,Brother,Brother LaserJet 658,"Brother 658, Brother 659, Brother 660",60,40,12.4,17.1,PROV003,True
PAL-XE-TIN-0046,Tinta compatible Xerox 415 negro,tinta,Xerox,Xerox LaserJet 415,"Xerox 415, Xerox 416, Xerox 417",15,7,52.49,85.1,PROV006,True
PAL-EP-KIT-0047,Kit Mantenimiento compatible Epson 782 cyan,kit mantenimiento,Epson,Epson LaserJet 782,"Epson 782, Epson 783, Epson 784",78,31,20.54,31.95,PROV003,True
PAL-EP-TIN-0048,Tinta compatible Epson 522 cyan,tinta,Epson,Epson LaserJet 522,"Epson 522, Epson 523, Epson 524",105,26,11.02,16.93,PROV007,True
PAL-EP-TAM-0049,Tambor compatible Epson 906 cyan,tambor,Epson,Epson LaserJet 906,"Epson 906, Epson 907, Epson 908",23,7,93.56,129.53,PROV008,True
PAL-EP-TIN-0050,Tinta compatible Epson 458 amarillo,tinta,Epson,Epson LaserJet 458,"Epson 458, Epson 459, Epson 460",23,19,45.23,70.65,PROV004,True
PAL-HP-KIT-0051,Kit Mantenimiento compatible HP 508 cyan,kit mantenimiento,HP,HP LaserJet 508,"HP 508, HP 509, HP 510",73,22,48.05,76.48,PROV006,True
PAL-XE-KIT-0052,Kit Mantenimiento compatible Xerox 439 tricolor,kit mantenimiento,Xerox,Xerox LaserJet 439,"Xerox 439, Xerox 440, Xerox 441",54,21,122.59,155.64,PROV003,True
PAL-SA-TON-0053,Toner compatible Samsung 710 negro,toner,Samsung,Samsung LaserJet 710,"Samsung 710, Samsung 711, Samsung 712",58,25,61.02,93.56,PROV007,True
PAL-BR-FUS-0054,Fusor compatible Brother 294 tricolor,fusor,Brother,Brother LaserJet 294,"Brother 294, Brother 295, Brother 296",18,5,39.08,59.59,PROV004,True
PAL-LE-FUS-0055,Fusor compatible Lexmark 780 negro,fusor,Lexmark,Lexmark LaserJet 780,"Lexmark 780, Lexmark 781, Lexmark 782",48,12,120.33,179.05,PROV005,True
PAL-SA-KIT-0056,Kit Mantenimiento compatible Samsung 434 amarillo,kit mantenimiento,Samsung,Samsung LaserJet 434,"Samsung 434, Samsung 435, Samsung 436",51,13,57.09,76.91,PROV004,True
PAL-XE-KIT-0057,Kit Mantenimiento compatible Xerox 793 amarillo,kit mantenimiento,Xerox,Xerox LaserJet 793,"Xerox 793, Xerox 794, Xerox 795",51,24,99.27,128.54,PROV007,True
PAL-HP-TAM-0058,Tambor compatible HP 315 magenta,tambor,HP,HP LaserJet 315,"HP 315, HP 316, HP 317",67,25,60.45,88.82,PROV008,True
PAL-KY-FUS-0059,Fusor compatible Kyocera 623 cyan,fusor,Kyocera,Kyocera LaserJet 623,"Kyocera 623, Kyocera 624, Kyocera 625",49,15,65.73,105.66,PROV002,True
PAL-SA-CIN-0060,Cinta compatible Samsung 443 tricolor,cinta,Samsung,Samsung LaserJet 443,"Samsung 443, Samsung 444, Samsung 445",79,20,19.39,31.59,PROV005,True
PAL-EP-TIN-0061,Tinta compatible Epson 125 cyan,tinta,Epson,Epson LaserJet 125,"Epson 125, Epson 126, Epson 127",22,9,13.64,22.41,PROV008,True
PAL-XE-KIT-0062,Kit Mantenimiento compatible Xerox 299 tricolor,kit mantenimiento,Xerox,Xerox LaserJet 299,"Xerox 299, Xerox 300, Xerox 301",84,30,95.64,132.47,PROV004,True
PAL-CA-KIT-0063,Kit Mantenimiento compatible Canon 868 negro,kit mantenimiento,Canon,Canon LaserJet 868,"Canon 868, Canon 869, Canon 870",60,32,112.97,180.84,PROV004,True
PAL-CA-KIT-0064,Kit Mantenimiento compatible Canon 575 tricolor,kit mantenimiento,Canon,Canon LaserJet 575,"Canon 575, Canon 576, Canon 577",21,12,14.13,18.75,PROV008,True
PAL-CA-FUS-0065,Fusor compatible Canon 672 tricolor,fusor,Canon,Canon LaserJet 672,"Canon 672, Canon 673, Canon 674",125,33,80.65,131.34,PROV007,True
PAL-KY-TIN-0066,Tinta compatible Kyocera 560 amarillo,tinta,Kyocera,Kyocera LaserJet 560,"Kyocera 560, Kyocera 561, Kyocera 562",95,22,39.62,52.55,PROV008,True
PAL-EP-TAM-0067,Tambor compatible Epson 179 amarillo,tambor,Epson,Epson LaserJet 179,"Epson 179, Epson 180, Epson 181",76,26,95.05,125.55,PROV006,True
PAL-BR-TIN-0068,Tinta compatible Brother 336 cyan,tinta,Brother,Brother LaserJet 336,"Brother 336, Brother 337, Brother 338",72,18,54.73,70.37,PROV002,True
PAL-XE-FUS-0069,Fusor compatible Xerox 655 magenta,fusor,Xerox,Xerox LaserJet 655,"Xerox 655, Xerox 656, Xerox 657",104,31,64.84,80.84,PROV007,True
PAL-HP-CIN-0070,Cinta compatible HP 588 amarillo,cinta,HP,HP LaserJet 588,"HP 588, HP 589, HP 590",68,29,8.72,11.96,PROV007,True
PAL-EP-FUS-0071,Fusor compatible Epson 379 cyan,fusor,Epson,Epson LaserJet 379,"Epson 379, Epson 380, Epson 381",87,26,61.17,75.39,PROV007,True
PAL-CA-FUS-0072,Fusor compatible Canon 737 cyan,fusor,Canon,Canon LaserJet 737,"Canon 737, Canon 738, Canon 739",27,6,73.16,117.79,PROV002,True
PAL-XE-TIN-0073,Tinta compatible Xerox 286 amarillo,tinta,Xerox,Xerox LaserJet 286,"Xerox 286, Xerox 287, Xerox 288",53,18,14.13,19.54,PROV008,True
PAL-LE-TAM-0074,Tambor compatible Lexmark 384 amarillo,tambor,Lexmark,Lexmark LaserJet 384,"Lexmark 384, Lexmark 385, Lexmark 386",95,21,99.75,157.38,PROV002,True
PAL-KY-TON-0075,Toner compatible Kyocera 153 tricolor,toner,Kyocera,Kyocera LaserJet 153,"Kyocera 153, Kyocera 154, Kyocera 155",3,9,129.99,178.15,PROV001,True
PAL-HP-TIN-0076,Tinta compatible HP 959 cyan,tinta,HP,HP LaserJet 959,"HP 959, HP 960, HP 961",49,13,10.49,13.49,PROV008,True
PAL-BR-CIN-0077,Cinta compatible Brother 576 cyan,cinta,Brother,Brother LaserJet 576,"Brother 576, Brother 577, Brother 578",46,15,93.33,144.64,PROV002,True
PAL-CA-TAM-0078,Tambor compatible Canon 692 negro,tambor,Canon,Canon LaserJet 692,"Canon 692, Canon 693, Canon 694",78,29,11.13,15.07,PROV007,True
PAL-EP-TON-0079,Toner compatible Epson 807 tricolor,toner,Epson,Epson LaserJet 807,"Epson 807, Epson 808, Epson 809",74,24,109.33,144.8,PROV002,True
PAL-HP-TAM-0080,Tambor compatible HP 538 tricolor,tambor,HP,HP LaserJet 538,"HP 538, HP 539, HP 540",26,26,88.71,110.86,PROV001,True
PAL-XE-FUS-0081,Fusor compatible Xerox 543 negro,fusor,Xerox,Xerox LaserJet 543,"Xerox 543, Xerox 544, Xerox 545",94,34,125.22,186.99,PROV003,True
PAL-XE-TIN-0082,Tinta compatible Xerox 766 tricolor,tinta,Xerox,Xerox LaserJet 766,"Xerox 766, Xerox 767, Xerox 768",130,39,40.95,64.19,PROV008,True
PAL-KY-FUS-0083,Fusor compatible Kyocera 374 tricolor,fusor,Kyocera,Kyocera LaserJet 374,"Kyocera 374, Kyocera 375, Kyocera 376",44,10,47.32,62.73,PROV005,True
PAL-KY-TIN-0084,Tinta compatible Kyocera 683 amarillo,tinta,Kyocera,Kyocera LaserJet 683,"Kyocera 683, Kyocera 684, Kyocera 685",14,6,82.46,114.04,PROV008,True
PAL-LE-TIN-0085,Tinta compatible Lexmark 317 amarillo,tinta,Lexmark,Lexmark LaserJet 317,"Lexmark 317, Lexmark 318, Lexmark 319",48,22,51.29,68.27,PROV005,True
PAL-HP-CIN-0086,Cinta compatible HP 187 cyan,cinta,HP,HP LaserJet 187,"HP 187, HP 188, HP 189",99,40,37.45,52.23,PROV004,True
PAL-KY-KIT-0087,Kit Mantenimiento compatible Kyocera 558 amarillo,kit mantenimiento,Kyocera,Kyocera LaserJet 558,"Kyocera 558, Kyocera 559, Kyocera 560",74,19,104.74,131.97,PROV007,True
PAL-EP-TAM-0088,Tambor compatible Epson 477 tricolor,tambor,Epson,Epson LaserJet 477,"Epson 477, Epson 478, Epson 479",106,32,65.74,95.21,PROV006,True
PAL-LE-KIT-0089,Kit Mantenimiento compatible Lexmark 377 amarillo,kit mantenimiento,Lexmark,Lexmark LaserJet 377,"Lexmark 377, Lexmark 378, Lexmark 379",41,17,45.41,59.9,PROV006,True
PAL-BR-KIT-0090,Kit Mantenimiento compatible Brother 880 tricolor,kit mantenimiento,Brother,Brother LaserJet 880,"Brother 880, Brother 881, Brother 882",122,35,92.2,120.08,PROV005,True
PAL-SA-TON-0091,Toner compatible Samsung 403 cyan,toner,Samsung,Samsung LaserJet 403,"Samsung 403, Samsung 404, Samsung 405",15,5,35.75,46.37,PROV003,True
PAL-SA-TON-0092,Toner compatible Samsung 666 negro,toner,Samsung,Samsung LaserJet 666,"Samsung 666, Samsung 667, Samsung 668",142,36,43.64,70.96,PROV002,True
PAL-HP-CIN-0093,Cinta compatible HP 580 magenta,cinta,HP,HP LaserJet 580,"HP 580, HP 581, HP 582",18,8,66.4,90.74,PROV005,True
PAL-KY-TON-0094,Toner compatible Kyocera 510 negro,toner,Kyocera,Kyocera LaserJet 510,"Kyocera 510, Kyocera 511, Kyocera 512",21,8,67.99,99.82,PROV003,True
PAL-CA-CIN-0095,Cinta compatible Canon 187 magenta,cinta,Canon,Canon LaserJet 187,"Canon 187, Canon 188, Canon 189",80,31,129.26,164.28,PROV004,True
PAL-XE-FUS-0096,Fusor compatible Xerox 404 amarillo,fusor,Xerox,Xerox LaserJet 404,"Xerox 404, Xerox 405, Xerox 406",36,24,112.94,185.87,PROV001,True
PAL-BR-TIN-0097,Tinta compatible Brother 370 cyan,tinta,Brother,Brother LaserJet 370,"Brother 370, Brother 371, Brother 372",52,16,88.57,114.04,PROV002,True
PAL-CA-TON-0098,Toner compatible Canon 561 amarillo,toner,Canon,Canon LaserJet 561,"Canon 561, Canon 562, Canon 563",22,7,92.1,130.97,PROV004,True
PAL-SA-KIT-0099,Kit Mantenimiento compatible Samsung 819 magenta,kit mantenimiento,Samsung,Samsung LaserJet 819,"Samsung 819, Samsung 820, Samsung 821",57,19,112.87,141.16,PROV005,True
PAL-EP-FUS-0100,Fusor compatible Epson 657 negro,fusor,Epson,Epson LaserJet 657,"Epson 657, Epson 658, Epson 659",60,22,35.43,45.49,PROV003,True
PAL-BR-TON-0101,Toner compatible Brother 911 cyan,toner,Brother,Brother LaserJet 911,"Brother 911, Brother 912, Brother 913",36,23,45.53,70.21,PROV008,True
PAL-BR-FUS-0102,Fusor compatible Brother 816 magenta,fusor,Brother,Brother LaserJet 816,"Brother 816, Brother 817, Brother 818",100,39,57.11,76.36,PROV008,True
PAL-KY-TON-0103,Toner compatible Kyocera 140 tricolor,toner,Kyocera,Kyocera LaserJet 140,"Kyocera 140, Kyocera 141, Kyocera 142",55,21,116.51,178.94,PROV001,True
PAL-BR-TIN-0104,Tinta compatible Brother 701 tricolor,tinta,Brother,Brother LaserJet 701,"Brother 701, Brother 702, Brother 703",48,22,124.0,204.58,PROV001,True
PAL-CA-FUS-0105,Fusor compatible Canon 767 tricolor,fusor,Canon,Canon LaserJet 767,"Canon 767, Canon 768, Canon 769",90,32,61.95,82.99,PROV008,True
PAL-BR-FUS-0106,Fusor compatible Brother 518 magenta,fusor,Brother,Brother LaserJet 518,"Brother 518, Brother 519, Brother 520",51,15,48.66,73.39,PROV006,True
PAL-XE-KIT-0107,Kit Mantenimiento compatible Xerox 395 amarillo,kit mantenimiento,Xerox,Xerox LaserJet 395,"Xerox 395, Xerox 396, Xerox 397",195,40,88.84,123.68,PROV001,True
PAL-KY-TON-0108,Toner compatible Kyocera 358 magenta,toner,Kyocera,Kyocera LaserJet 358,"Kyocera 358, Kyocera 359, Kyocera 360",95,30,47.44,77.67,PROV001,True
PAL-KY-FUS-0109,Fusor compatible Kyocera 292 negro,fusor,Kyocera,Kyocera LaserJet 292,"Kyocera 292, Kyocera 293, Kyocera 294",117,36,71.25,106.0,PROV008,True
PAL-HP-TIN-0110,Tinta compatible HP 662 magenta,tinta,HP,HP LaserJet 662,"HP 662, HP 663, HP 664",105,36,23.98,32.23,PROV002,True
PAL-HP-KIT-0111,Kit Mantenimiento compatible HP 918 tricolor,kit mantenimiento,HP,HP LaserJet 918,"HP 918, HP 919, HP 920",43,40,37.19,47.9,PROV001,True
PAL-XE-TON-0112,Toner compatible Xerox 961 cyan,toner,Xerox,Xerox LaserJet 961,"Xerox 961, Xerox 962, Xerox 963",35,12,119.38,169.33,PROV003,True
PAL-KY-KIT-0113,Kit Mantenimiento compatible Kyocera 621 magenta,kit mantenimiento,Kyocera,Kyocera LaserJet 621,"Kyocera 621, Kyocera 622, Kyocera 623",107,35,94.06,131.56,PROV008,True
PAL-EP-FUS-0114,Fusor compatible Epson 248 tricolor,fusor,Epson,Epson LaserJet 248,"Epson 248, Epson 249, Epson 250",202,37,54.8,88.58,PROV003,True
PAL-BR-TAM-0115,Tambor compatible Brother 448 amarillo,tambor,Brother,Brother LaserJet 448,"Brother 448, Brother 449, Brother 450",14,5,121.98,175.45,PROV005,True
PAL-SA-CIN-0116,Cinta compatible Samsung 775 tricolor,cinta,Samsung,Samsung LaserJet 775,"Samsung 775, Samsung 776, Samsung 777",128,39,67.74,86.97,PROV008,True
PAL-LE-TAM-0117,Tambor compatible Lexmark 881 tricolor,tambor,Lexmark,Lexmark LaserJet 881,"Lexmark 881, Lexmark 882, Lexmark 883",74,25,74.3,105.19,PROV004,True
PAL-EP-CIN-0118,Cinta compatible Epson 339 amarillo,cinta,Epson,Epson LaserJet 339,"Epson 339, Epson 340, Epson 341",45,25,112.43,157.02,PROV008,True
PAL-XE-FUS-0119,Fusor compatible Xerox 607 cyan,fusor,Xerox,Xerox LaserJet 607,"Xerox 607, Xerox 608, Xerox 609",107,26,125.71,160.19,PROV002,True
PAL-KY-TON-0120,Toner compatible Kyocera 567 tricolor,toner,Kyocera,Kyocera LaserJet 567,"Kyocera 567, Kyocera 568, Kyocera 569",52,14,9.87,12.65,PROV002,True
PAL-KY-TAM-0121,Tambor compatible Kyocera 738 magenta,tambor,Kyocera,Kyocera LaserJet 738,"Kyocera 738, Kyocera 739, Kyocera 740",98,26,92.51,138.71,PROV007,True
PAL-LE-KIT-0122,Kit Mantenimiento compatible Lexmark 993 amarillo,kit mantenimiento,Lexmark,Lexmark LaserJet 993,"Lexmark 993, Lexmark 994, Lexmark 995",41,20,74.0,109.93,PROV005,True
PAL-EP-KIT-0123,Kit Mantenimiento compatible Epson 544 negro,kit mantenimiento,Epson,Epson LaserJet 544,"Epson 544, Epson 545, Epson 546",48,11,127.36,197.02,PROV008,True
PAL-CA-KIT-0124,Kit Mantenimiento compatible Canon 129 magenta,kit mantenimiento,Canon,Canon LaserJet 129,"Canon 129, Canon 130, Canon 131",36,23,13.61,21.26,PROV006,True
PAL-LE-FUS-0125,Fusor compatible Lexmark 350 cyan,fusor,Lexmark,Lexmark LaserJet 350,"Lexmark 350, Lexmark 351, Lexmark 352",57,16,72.8,106.53,PROV003,True
PAL-CA-TON-0126,Toner compatible Canon 991 tricolor,toner,Canon,Canon LaserJet 991,"Canon 991, Canon 992, Canon 993",186,36,54.67,82.76,PROV003,True
PAL-EP-FUS-0127,Fusor compatible Epson 570 magenta,fusor,Epson,Epson LaserJet 570,"Epson 570, Epson 571, Epson 572",68,34,39.15,47.92,PROV005,True
PAL-CA-TON-0128,Toner compatible Canon 453 amarillo,toner,Canon,Canon LaserJet 453,"Canon 453, Canon 454, Canon 455",77,32,128.49,173.29,PROV005,True
PAL-KY-TAM-0129,Tambor compatible Kyocera 493 cyan,tambor,Kyocera,Kyocera LaserJet 493,"Kyocera 493, Kyocera 494, Kyocera 495",89,29,112.11,141.92,PROV006,True
PAL-SA-KIT-0130,Kit Mantenimiento compatible Samsung 122 magenta,kit mantenimiento,Samsung,Samsung LaserJet 122,"Samsung 122, Samsung 123, Samsung 124",54,22,127.31,191.35,PROV001,True
PAL-HP-CIN-0131,Cinta compatible HP 952 amarillo,cinta,HP,HP LaserJet 952,"HP 952, HP 953, HP 954",27,19,118.31,158.9,PROV006,True
PAL-EP-KIT-0132,Kit Mantenimiento compatible Epson 735 cyan,kit mantenimiento,Epson,Epson LaserJet 735,"Epson 735, Epson 736, Epson 737",39,13,38.58,59.6,PROV002,True
PAL-HP-TAM-0133,Tambor compatible HP 134 amarillo,tambor,HP,HP LaserJet 134,"HP 134, HP 135, HP 136",19,10,78.71,120.81,PROV005,True
PAL-LE-KIT-0134,Kit Mantenimiento compatible Lexmark 279 amarillo,kit mantenimiento,Lexmark,Lexmark LaserJet 279,"Lexmark 279, Lexmark 280, Lexmark 281",97,28,32.5,50.64,PROV005,True
PAL-CA-TAM-0135,Tambor compatible Canon 925 amarillo,tambor,Canon,Canon LaserJet 925,"Canon 925, Canon 926, Canon 927",24,12,44.01,70.16,PROV008,True
PAL-BR-TIN-0136,Tinta compatible Brother 980 cyan,tinta,Brother,Brother LaserJet 980,"Brother 980, Brother 981, Brother 982",136,30,90.51,136.67,PROV006,True
PAL-BR-FUS-0137,Fusor compatible Brother 370 negro,fusor,Brother,Brother LaserJet 370,"Brother 370, Brother 371, Brother 372",46,21,73.46,103.99,PROV007,True
PAL-LE-TON-0138,Toner compatible Lexmark 582 cyan,toner,Lexmark,Lexmark LaserJet 582,"Lexmark 582, Lexmark 583, Lexmark 584",107,40,11.05,17.68,PROV006,True
PAL-EP-KIT-0139,Kit Mantenimiento compatible Epson 750 negro,kit mantenimiento,Epson,Epson LaserJet 750,"Epson 750, Epson 751, Epson 752",91,24,108.51,174.81,PROV007,True
PAL-BR-TIN-0140,Tinta compatible Brother 138 negro,tinta,Brother,Brother LaserJet 138,"Brother 138, Brother 139, Brother 140",19,11,45.13,64.62,PROV004,True
PAL-CA-FUS-0141,Fusor compatible Canon 479 amarillo,fusor,Canon,Canon LaserJet 479,"Canon 479, Canon 480, Canon 481",125,39,89.8,138.25,PROV007,True
PAL-CA-FUS-0142,Fusor compatible Canon 953 negro,fusor,Canon,Canon LaserJet 953,"Canon 953, Canon 954, Canon 955",94,22,67.7,94.47,PROV001,True
PAL-LE-TIN-0143,Tinta compatible Lexmark 555 amarillo,tinta,Lexmark,Lexmark LaserJet 555,"Lexmark 555, Lexmark 556, Lexmark 557",15,11,123.97,196.84,PROV006,True
PAL-LE-TON-0144,Toner compatible Lexmark 382 amarillo,toner,Lexmark,Lexmark LaserJet 382,"Lexmark 382, Lexmark 383, Lexmark 384",108,34,31.16,39.65,PROV002,True
PAL-EP-KIT-0145,Kit Mantenimiento compatible Epson 121 tricolor,kit mantenimiento,Epson,Epson LaserJet 121,"Epson 121, Epson 122, Epson 123",42,13,14.17,19.32,PROV004,True
PAL-BR-CIN-0146,Cinta compatible Brother 700 cyan,cinta,Brother,Brother LaserJet 700,"Brother 700, Brother 701, Brother 702",98,26,34.35,54.75,PROV003,True
PAL-HP-TAM-0147,Tambor compatible HP 233 cyan,tambor,HP,HP LaserJet 233,"HP 233, HP 234, HP 235",21,12,73.91,115.55,PROV001,True
PAL-CA-TON-0148,Toner compatible Canon 908 magenta,toner,Canon,Canon LaserJet 908,"Canon 908, Canon 909, Canon 910",10,6,104.19,153.49,PROV003,True
PAL-SA-TON-0149,Toner compatible Samsung 859 cyan,toner,Samsung,Samsung LaserJet 859,"Samsung 859, Samsung 860, Samsung 861",31,9,59.36,75.32,PROV008,True
PAL-KY-TAM-0150,Tambor compatible Kyocera 707 tricolor,tambor,Kyocera,Kyocera LaserJet 707,"Kyocera 707, Kyocera 708, Kyocera 709",23,7,21.3,30.6,PROV005,True
PAL-KY-KIT-0151,Kit Mantenimiento compatible Kyocera 162 negro,kit mantenimiento,Kyocera,Kyocera LaserJet 162,"Kyocera 162, Kyocera 163, Kyocera 164",104,32,129.83,205.69,PROV002,True
PAL-KY-KIT-0152,Kit Mantenimiento compatible Kyocera 175 amarillo,kit mantenimiento,Kyocera,Kyocera LaserJet 175,"Kyocera 175, Kyocera 176, Kyocera 177",46,14,117.71,159.91,PROV002,True
PAL-CA-TAM-0153,Tambor compatible Canon 748 tricolor,tambor,Canon,Canon LaserJet 748,"Canon 748, Canon 749, Canon 750",67,29,79.41,121.2,PROV005,True
PAL-KY-CIN-0154,Cinta compatible Kyocera 540 tricolor,cinta,Kyocera,Kyocera LaserJet 540,"Kyocera 540, Kyocera 541, Kyocera 542",129,40,20.1,30.59,PROV004,True
PAL-XE-FUS-0155,Fusor compatible Xerox 523 cyan,fusor,Xerox,Xerox LaserJet 523,"Xerox 523, Xerox 524, Xerox 525",102,31,49.35,69.83,PROV002,True
PAL-LE-FUS-0156,Fusor compatible Lexmark 781 magenta,fusor,Lexmark,Lexmark LaserJet 781,"Lexmark 781, Lexmark 782, Lexmark 783",79,35,39.1,63.73,PROV002,True
PAL-BR-TON-0157,Toner compatible Brother 542 negro,toner,Brother,Brother LaserJet 542,"Brother 542, Brother 543, Brother 544",63,13,19.78,30.42,PROV001,True
PAL-LE-KIT-0158,Kit Mantenimiento compatible Lexmark 520 negro,kit mantenimiento,Lexmark,Lexmark LaserJet 520,"Lexmark 520, Lexmark 521, Lexmark 522",111,32,51.14,77.02,PROV001,True
PAL-SA-CIN-0159,Cinta compatible Samsung 460 magenta,cinta,Samsung,Samsung LaserJet 460,"Samsung 460, Samsung 461, Samsung 462",25,14,20.64,29.68,PROV008,True
PAL-EP-TON-0160,Toner compatible Epson 965 magenta,toner,Epson,Epson LaserJet 965,"Epson 965, Epson 966, Epson 967",80,22,75.86,96.3,PROV004,True
PAL-XE-CIN-0161,Cinta compatible Xerox 728 tricolor,cinta,Xerox,Xerox LaserJet 728,"Xerox 728, Xerox 729, Xerox 730",44,22,90.35,131.86,PROV001,True
PAL-CA-TAM-0162,Tambor compatible Canon 447 magenta,tambor,Canon,Canon LaserJet 447,"Canon 447, Canon 448, Canon 449",53,14,50.82,65.96,PROV007,True
PAL-BR-TIN-0163,Tinta compatible Brother 193 negro,tinta,Brother,Brother LaserJet 193,"Brother 193, Brother 194, Brother 195",128,31,99.03,129.98,PROV008,True
PAL-LE-TIN-0164,Tinta compatible Lexmark 419 magenta,tinta,Lexmark,Lexmark LaserJet 419,"Lexmark 419, Lexmark 420, Lexmark 421",21,10,96.03,149.23,PROV001,True
PAL-CA-TIN-0165,Tinta compatible Canon 150 tricolor,tinta,Canon,Canon LaserJet 150,"Canon 150, Canon 151, Canon 152",126,32,90.22,120.62,PROV008,True
PAL-KY-FUS-0166,Fusor compatible Kyocera 320 magenta,fusor,Kyocera,Kyocera LaserJet 320,"Kyocera 320, Kyocera 321, Kyocera 322",109,32,100.1,127.02,PROV002,True
PAL-SA-KIT-0167,Kit Mantenimiento compatible Samsung 598 tricolor,kit mantenimiento,Samsung,Samsung LaserJet 598,"Samsung 598, Samsung 599, Samsung 600",72,19,72.29,97.78,PROV007,True
PAL-HP-TON-0168,Toner compatible HP 408 cyan,toner,HP,HP LaserJet 408,"HP 408, HP 409, HP 410",102,21,123.33,191.16,PROV005,True
PAL-LE-TON-0169,Toner compatible Lexmark 609 negro,toner,Lexmark,Lexmark LaserJet 609,"Lexmark 609, Lexmark 610, Lexmark 611",79,29,99.14,128.44,PROV004,True
PAL-LE-TON-0170,Toner compatible Lexmark 982 amarillo,toner,Lexmark,Lexmark LaserJet 982,"Lexmark 982, Lexmark 983, Lexmark 984",76,34,98.53,138.69,PROV002,True
PAL-LE-CIN-0171,Cinta compatible Lexmark 687 amarillo,cinta,Lexmark,Lexmark LaserJet 687,"Lexmark 687, Lexmark 688, Lexmark 689",48,23,57.34,85.74,PROV002,True
PAL-XE-TON-0172,Toner compatible Xerox 275 magenta,toner,Xerox,Xerox LaserJet 275,"Xerox 275, Xerox 276, Xerox 277",61,28,105.76,157.14,PROV002,True
PAL-XE-TON-0173,Toner compatible Xerox 546 cyan,toner,Xerox,Xerox LaserJet 546,"Xerox 546, Xerox 547, Xerox 548",87,30,79.84,115.39,PROV005,True
PAL-LE-TIN-0174,Tinta compatible Lexmark 897 magenta,tinta,Lexmark,Lexmark LaserJet 897,"Lexmark 897, Lexmark 898, Lexmark 899",40,12,28.51,41.04,PROV004,True
PAL-LE-TAM-0175,Tambor compatible Lexmark 341 cyan,tambor,Lexmark,Lexmark LaserJet 341,"Lexmark 341, Lexmark 342, Lexmark 343",52,16,20.54,27.32,PROV003,True
PAL-BR-TIN-0176,Tinta compatible Brother 575 amarillo,tinta,Brother,Brother LaserJet 575,"Brother 575, Brother 576, Brother 577",126,33,100.04,154.74,PROV006,True
PAL-LE-TIN-0177,Tinta compatible Lexmark 169 amarillo,tinta,Lexmark,Lexmark LaserJet 169,"Lexmark 169, Lexmark 170, Lexmark 171",66,22,65.21,97.26,PROV001,True
PAL-LE-CIN-0178,Cinta compatible Lexmark 417 negro,cinta,Lexmark,Lexmark LaserJet 417,"Lexmark 417, Lexmark 418, Lexmark 419",124,28,64.33,79.52,PROV005,True
PAL-BR-KIT-0179,Kit Mantenimiento compatible Brother 729 negro,kit mantenimiento,Brother,Brother LaserJet 729,"Brother 729, Brother 730, Brother 731",109,40,80.48,111.49,PROV001,True
PAL-KY-CIN-0180,Cinta compatible Kyocera 429 cyan,cinta,Kyocera,Kyocera LaserJet 429,"Kyocera 429, Kyocera 430, Kyocera 431",45,8,81.81,117.45,PROV008,True
PAL-BR-TAM-0181,Tambor compatible Brother 616 negro,tambor,Brother,Brother LaserJet 616,"Brother 616, Brother 617, Brother 618",119,33,86.83,107.39,PROV008,True
PAL-CA-TAM-0182,Tambor compatible Canon 389 magenta,tambor,Canon,Canon LaserJet 389,"Canon 389, Canon 390, Canon 391",17,8,55.26,85.82,PROV006,True
PAL-BR-TAM-0183,Tambor compatible Brother 671 negro,tambor,Brother,Brother LaserJet 671,"Brother 671, Brother 672, Brother 673",27,14,90.76,121.82,PROV006,True
PAL-BR-CIN-0184,Cinta compatible Brother 458 cyan,cinta,Brother,Brother LaserJet 458,"Brother 458, Brother 459, Brother 460",104,30,45.85,68.87,PROV003,True
PAL-BR-TAM-0185,Tambor compatible Brother 485 tricolor,tambor,Brother,Brother LaserJet 485,"Brother 485, Brother 486, Brother 487",36,13,86.51,117.76,PROV002,True
PAL-XE-CIN-0186,Cinta compatible Xerox 118 magenta,cinta,Xerox,Xerox LaserJet 118,"Xerox 118, Xerox 119, Xerox 120",66,18,52.24,67.78,PROV006,True
PAL-KY-TIN-0187,Tinta compatible Kyocera 240 cyan,tinta,Kyocera,Kyocera LaserJet 240,"Kyocera 240, Kyocera 241, Kyocera 242",38,11,26.9,36.24,PROV001,True
PAL-LE-CIN-0188,Cinta compatible Lexmark 711 cyan,cinta,Lexmark,Lexmark LaserJet 711,"Lexmark 711, Lexmark 712, Lexmark 713",43,15,53.96,69.6,PROV008,True
PAL-HP-FUS-0189,Fusor compatible HP 792 magenta,fusor,HP,HP LaserJet 792,"HP 792, HP 793, HP 794",49,23,95.79,156.8,PROV008,True
PAL-EP-CIN-0190,Cinta compatible Epson 416 cyan,cinta,Epson,Epson LaserJet 416,"Epson 416, Epson 417, Epson 418",25,17,125.8,195.91,PROV006,True
PAL-KY-FUS-0191,Fusor compatible Kyocera 896 magenta,fusor,Kyocera,Kyocera LaserJet 896,"Kyocera 896, Kyocera 897, Kyocera 898",38,15,54.59,78.98,PROV004,True
PAL-CA-TAM-0192,Tambor compatible Canon 756 negro,tambor,Canon,Canon LaserJet 756,"Canon 756, Canon 757, Canon 758",42,11,66.63,91.92,PROV002,True
PAL-SA-TON-0193,Toner compatible Samsung 379 cyan,toner,Samsung,Samsung LaserJet 379,"Samsung 379, Samsung 380, Samsung 381",102,32,62.82,90.51,PROV002,True
PAL-EP-FUS-0194,Fusor compatible Epson 127 magenta,fusor,Epson,Epson LaserJet 127,"Epson 127, Epson 128, Epson 129",49,28,58.62,81.51,PROV004,True
PAL-XE-TON-0195,Toner compatible Xerox 329 magenta,toner,Xerox,Xerox LaserJet 329,"Xerox 329, Xerox 330, Xerox 331",82,26,11.44,18.54,PROV003,True
PAL-CA-TON-0196,Toner compatible Canon 949 magenta,toner,Canon,Canon LaserJet 949,"Canon 949, Canon 950, Canon 951",118,35,65.64,103.54,PROV008,True
PAL-HP-TON-0197,Toner compatible HP 362 negro,toner,HP,HP LaserJet 362,"HP 362, HP 363, HP 364",80,38,34.31,44.06,PROV007,True
PAL-BR-TAM-0198,Tambor compatible Brother 408 cyan,tambor,Brother,Brother LaserJet 408,"Brother 408, Brother 409, Brother 410",107,34,22.87,30.25,PROV002,True
PAL-BR-FUS-0199,Fusor compatible Brother 648 tricolor,fusor,Brother,Brother LaserJet 648,"Brother 648, Brother 649, Brother 650",61,20,10.01,14.43,PROV003,True
PAL-SA-FUS-0200,Fusor compatible Samsung 729 negro,fusor,Samsung,Samsung LaserJet 729,"Samsung 729, Samsung 730, Samsung 731",29,16,51.04,74.79,PROV002,True
PAL-LE-TON-0201,Toner compatible Lexmark 657 tricolor,toner,Lexmark,Lexmark LaserJet 657,"Lexmark 657, Lexmark 658, Lexmark 659",134,40,69.89,114.97,PROV001,True
PAL-XE-FUS-0202,Fusor compatible Xerox 750 negro,fusor,Xerox,Xerox LaserJet 750,"Xerox 750, Xerox 751, Xerox 752",21,6,55.2,76.2,PROV006,True
PAL-BR-TAM-0203,Tambor compatible Brother 850 cyan,tambor,Brother,Brother LaserJet 850,"Brother 850, Brother 851, Brother 852",106,26,88.17,111.5,PROV003,True
PAL-HP-TAM-0204,Tambor compatible HP 446 tricolor,tambor,HP,HP LaserJet 446,"HP 446, HP 447, HP 448",137,34,107.25,138.92,PROV008,True
PAL-CA-TIN-0205,Tinta compatible Canon 833 negro,tinta,Canon,Canon LaserJet 833,"Canon 833, Canon 834, Canon 835",37,23,102.7,145.51,PROV004,True
PAL-HP-TIN-0206,Tinta compatible HP 423 negro,tinta,HP,HP LaserJet 423,"HP 423, HP 424, HP 425",80,39,121.87,175.69,PROV008,True
PAL-SA-TON-0207,Toner compatible Samsung 392 cyan,toner,Samsung,Samsung LaserJet 392,"Samsung 392, Samsung 393, Samsung 394",91,26,51.55,80.2,PROV005,True
PAL-BR-TAM-0208,Tambor compatible Brother 509 amarillo,tambor,Brother,Brother LaserJet 509,"Brother 509, Brother 510, Brother 511",101,29,98.68,158.35,PROV006,True
PAL-CA-FUS-0209,Fusor compatible Canon 476 amarillo,fusor,Canon,Canon LaserJet 476,"Canon 476, Canon 477, Canon 478",35,10,120.77,174.31,PROV007,True
PAL-BR-FUS-0210,Fusor compatible Brother 942 tricolor,fusor,Brother,Brother LaserJet 942,"Brother 942, Brother 943, Brother 944",75,11,30.02,40.42,PROV002,True
PAL-LE-KIT-0211,Kit Mantenimiento compatible Lexmark 413 magenta,kit mantenimiento,Lexmark,Lexmark LaserJet 413,"Lexmark 413, Lexmark 414, Lexmark 415",53,15,62.4,95.38,PROV008,True
PAL-LE-FUS-0212,Fusor compatible Lexmark 844 negro,fusor,Lexmark,Lexmark LaserJet 844,"Lexmark 844, Lexmark 845, Lexmark 846",132,32,114.14,156.55,PROV005,True
PAL-HP-TON-0213,Toner compatible HP 472 amarillo,toner,HP,HP LaserJet 472,"HP 472, HP 473, HP 474",59,15,70.6,108.9,PROV001,True
PAL-CA-CIN-0214,Cinta compatible Canon 135 amarillo,cinta,Canon,Canon LaserJet 135,"Canon 135, Canon 136, Canon 137",102,28,23.4,30.92,PROV006,True
PAL-XE-CIN-0215,Cinta compatible Xerox 719 negro,cinta,Xerox,Xerox LaserJet 719,"Xerox 719, Xerox 720, Xerox 721",75,28,26.72,37.77,PROV006,True
PAL-KY-TON-0216,Toner compatible Kyocera 240 tricolor,toner,Kyocera,Kyocera LaserJet 240,"Kyocera 240, Kyocera 241, Kyocera 242",82,22,72.59,100.98,PROV004,True
PAL-BR-TON-0217,Toner compatible Brother 611 cyan,toner,Brother,Brother LaserJet 611,"Brother 611, Brother 612, Brother 613",26,12,71.16,114.77,PROV005,True
PAL-SA-KIT-0218,Kit Mantenimiento compatible Samsung 319 amarillo,kit mantenimiento,Samsung,Samsung LaserJet 319,"Samsung 319, Samsung 320, Samsung 321",99,36,129.56,173.97,PROV004,True
PAL-BR-TIN-0219,Tinta compatible Brother 562 negro,tinta,Brother,Brother LaserJet 562,"Brother 562, Brother 563, Brother 564",25,10,29.06,44.37,PROV006,True
PAL-LE-KIT-0220,Kit Mantenimiento compatible Lexmark 663 negro,kit mantenimiento,Lexmark,Lexmark LaserJet 663,"Lexmark 663, Lexmark 664, Lexmark 665",46,15,74.14,118.87,PROV003,True
PAL-LE-CIN-0221,Cinta compatible Lexmark 224 cyan,cinta,Lexmark,Lexmark LaserJet 224,"Lexmark 224, Lexmark 225, Lexmark 226",106,20,128.19,200.05,PROV008,True
PAL-HP-TAM-0222,Tambor compatible HP 686 tricolor,tambor,HP,HP LaserJet 686,"HP 686, HP 687, HP 688",45,40,53.01,82.99,PROV003,True
PAL-BR-TON-0223,Toner compatible Brother 507 magenta,toner,Brother,Brother LaserJet 507,"Brother 507, Brother 508, Brother 509",140,38,129.95,198.71,PROV007,True
PAL-XE-CIN-0224,Cinta compatible Xerox 228 negro,cinta,Xerox,Xerox LaserJet 228,"Xerox 228, Xerox 229, Xerox 230",45,33,126.63,189.46,PROV008,True
PAL-LE-TIN-0225,Tinta compatible Lexmark 755 tricolor,tinta,Lexmark,Lexmark LaserJet 755,"Lexmark 755, Lexmark 756, Lexmark 757",32,13,79.71,123.56,PROV007,True
PAL-HP-TON-0226,Toner compatible HP 256 tricolor,toner,HP,HP LaserJet 256,"HP 256, HP 257, HP 258",77,19,45.1,58.16,PROV006,True
PAL-SA-TON-0227,Toner compatible Samsung 301 magenta,toner,Samsung,Samsung LaserJet 301,"Samsung 301, Samsung 302, Samsung 303",39,13,85.48,124.53,PROV005,True
PAL-BR-CIN-0228,Cinta compatible Brother 706 cyan,cinta,Brother,Brother LaserJet 706,"Brother 706, Brother 707, Brother 708",49,26,122.88,158.06,PROV001,True
PAL-HP-TON-0229,Toner compatible HP 756 negro,toner,HP,HP LaserJet 756,"HP 756, HP 757, HP 758",41,18,102.06,136.13,PROV007,True
PAL-HP-FUS-0230,Fusor compatible HP 396 tricolor,fusor,HP,HP LaserJet 396,"HP 396, HP 397, HP 398",73,20,86.31,116.51,PROV007,True
PAL-SA-FUS-0231,Fusor compatible Samsung 805 negro,fusor,Samsung,Samsung LaserJet 805,"Samsung 805, Samsung 806, Samsung 807",79,35,15.31,21.57,PROV008,True
PAL-EP-TAM-0232,Tambor compatible Epson 247 tricolor,tambor,Epson,Epson LaserJet 247,"Epson 247, Epson 248, Epson 249",86,27,46.14,70.54,PROV007,True
PAL-CA-TAM-0233,Tambor compatible Canon 675 tricolor,tambor,Canon,Canon LaserJet 675,"Canon 675, Canon 676, Canon 677",36,12,20.95,27.74,PROV005,True
PAL-KY-TIN-0234,Tinta compatible Kyocera 199 cyan,tinta,Kyocera,Kyocera LaserJet 199,"Kyocera 199, Kyocera 200, Kyocera 201",72,31,14.17,23.05,PROV004,True
PAL-CA-TAM-0235,Tambor compatible Canon 838 tricolor,tambor,Canon,Canon LaserJet 838,"Canon 838, Canon 839, Canon 840",185,36,46.15,71.45,PROV008,True
PAL-KY-TAM-0236,Tambor compatible Kyocera 123 amarillo,tambor,Kyocera,Kyocera LaserJet 123,"Kyocera 123, Kyocera 124, Kyocera 125",123,34,18.99,26.38,PROV004,True
PAL-EP-CIN-0237,Cinta compatible Epson 149 magenta,cinta,Epson,Epson LaserJet 149,"Epson 149, Epson 150, Epson 151",34,35,14.17,20.3,PROV005,True
PAL-HP-TON-0238,Toner compatible HP 237 amarillo,toner,HP,HP LaserJet 237,"HP 237, HP 238, HP 239",95,30,115.66,177.29,PROV006,True
PAL-HP-FUS-0239,Fusor compatible HP 683 negro,fusor,HP,HP LaserJet 683,"HP 683, HP 684, HP 685",53,23,76.54,105.31,PROV002,True
PAL-XE-CIN-0240,Cinta compatible Xerox 882 amarillo,cinta,Xerox,Xerox LaserJet 882,"Xerox 882, Xerox 883, Xerox 884",46,12,75.08,118.24,PROV003,True
PAL-BR-FUS-0241,Fusor compatible Brother 913 magenta,fusor,Brother,Brother LaserJet 913,"Brother 913, Brother 914, Brother 915",61,28,128.39,187.43,PROV003,True
PAL-EP-CIN-0242,Cinta compatible Epson 511 tricolor,cinta,Epson,Epson LaserJet 511,"Epson 511, Epson 512, Epson 513",37,13,69.01,85.54,PROV006,True
PAL-KY-CIN-0243,Cinta compatible Kyocera 252 amarillo,cinta,Kyocera,Kyocera LaserJet 252,"Kyocera 252, Kyocera 253, Kyocera 254",87,25,81.96,118.16,PROV006,True
PAL-CA-FUS-0244,Fusor compatible Canon 857 tricolor,fusor,Canon,Canon LaserJet 857,"Canon 857, Canon 858, Canon 859",143,37,110.8,163.46,PROV008,True
PAL-SA-FUS-0245,Fusor compatible Samsung 477 negro,fusor,Samsung,Samsung LaserJet 477,"Samsung 477, Samsung 478, Samsung 479",55,31,48.41,61.34,PROV005,True
PAL-HP-CIN-0246,Cinta compatible HP 371 amarillo,cinta,HP,HP LaserJet 371,"HP 371, HP 372, HP 373",50,19,125.98,196.11,PROV001,True
PAL-KY-TIN-0247,Tinta compatible Kyocera 744 tricolor,tinta,Kyocera,Kyocera LaserJet 744,"Kyocera 744, Kyocera 745, Kyocera 746",73,29,95.98,149.06,PROV003,True
PAL-EP-TON-0248,Toner compatible Epson 817 tricolor,toner,Epson,Epson LaserJet 817,"Epson 817, Epson 818, Epson 819",58,25,21.41,26.29,PROV007,True
PAL-CA-FUS-0249,Fusor compatible Canon 520 cyan,fusor,Canon,Canon LaserJet 520,"Canon 520, Canon 521, Canon 522",166,35,69.22,102.65,PROV001,True
PAL-CA-CIN-0250,Cinta compatible Canon 674 cyan,cinta,Canon,Canon LaserJet 674,"Canon 674, Canon 675, Canon 676",129,38,47.66,71.72,PROV007,True
PAL-LE-TIN-0251,Tinta compatible Lexmark 645 amarillo,tinta,Lexmark,Lexmark LaserJet 645,"Lexmark 645, Lexmark 646, Lexmark 647",36,21,49.76,68.29,PROV008,True
PAL-EP-TIN-0252,Tinta compatible Epson 671 magenta,tinta,Epson,Epson LaserJet 671,"Epson 671, Epson 672, Epson 673",94,24,44.42,72.18,PROV005,True
PAL-EP-KIT-0253,Kit Mantenimiento compatible Epson 424 amarillo,kit mantenimiento,Epson,Epson LaserJet 424,"Epson 424, Epson 425, Epson 426",112,22,66.54,97.22,PROV005,True
PAL-BR-CIN-0254,Cinta compatible Brother 488 tricolor,cinta,Brother,Brother LaserJet 488,"Brother 488, Brother 489, Brother 490",108,27,117.28,162.98,PROV003,True
PAL-SA-TON-0255,Toner compatible Samsung 831 magenta,toner,Samsung,Samsung LaserJet 831,"Samsung 831, Samsung 832, Samsung 833",31,21,17.64,28.53,PROV008,True
PAL-EP-TIN-0256,Tinta compatible Epson 377 tricolor,tinta,Epson,Epson LaserJet 377,"Epson 377, Epson 378, Epson 379",32,13,121.83,185.1,PROV002,True
PAL-EP-TIN-0257,Tinta compatible Epson 785 negro,tinta,Epson,Epson LaserJet 785,"Epson 785, Epson 786, Epson 787",81,19,118.43,155.98,PROV001,True
PAL-BR-FUS-0258,Fusor compatible Brother 834 magenta,fusor,Brother,Brother LaserJet 834,"Brother 834, Brother 835, Brother 836",29,13,65.63,99.29,PROV001,True
PAL-CA-FUS-0259,Fusor compatible Canon 588 amarillo,fusor,Canon,Canon LaserJet 588,"Canon 588, Canon 589, Canon 590",79,23,87.37,134.99,PROV006,True
PAL-SA-KIT-0260,Kit Mantenimiento compatible Samsung 887 negro,kit mantenimiento,Samsung,Samsung LaserJet 887,"Samsung 887, Samsung 888, Samsung 889",147,39,18.91,27.74,PROV001,True
PAL-CA-FUS-0261,Fusor compatible Canon 137 cyan,fusor,Canon,Canon LaserJet 137,"Canon 137, Canon 138, Canon 139",74,36,129.65,180.31,PROV003,True
PAL-SA-TON-0262,Toner compatible Samsung 405 negro,toner,Samsung,Samsung LaserJet 405,"Samsung 405, Samsung 406, Samsung 407",76,26,77.29,97.86,PROV005,True
PAL-KY-KIT-0263,Kit Mantenimiento compatible Kyocera 636 tricolor,kit mantenimiento,Kyocera,Kyocera LaserJet 636,"Kyocera 636, Kyocera 637, Kyocera 638",0,37,68.26,110.83,PROV008,True
PAL-SA-TIN-0264,Tinta compatible Samsung 438 negro,tinta,Samsung,Samsung LaserJet 438,"Samsung 438, Samsung 439, Samsung 440",41,21,27.82,39.43,PROV003,True
PAL-HP-KIT-0265,Kit Mantenimiento compatible HP 909 magenta,kit mantenimiento,HP,HP LaserJet 909,"HP 909, HP 910, HP 911",46,17,43.99,66.42,PROV003,True
PAL-XE-FUS-0266,Fusor compatible Xerox 435 tricolor,fusor,Xerox,Xerox LaserJet 435,"Xerox 435, Xerox 436, Xerox 437",28,16,18.58,28.01,PROV003,True
PAL-KY-TAM-0267,Tambor compatible Kyocera 106 cyan,tambor,Kyocera,Kyocera LaserJet 106,"Kyocera 106, Kyocera 107, Kyocera 108",101,22,39.82,52.61,PROV006,True
PAL-SA-CIN-0268,Cinta compatible Samsung 111 tricolor,cinta,Samsung,Samsung LaserJet 111,"Samsung 111, Samsung 112, Samsung 113",31,20,39.91,54.86,PROV001,True
PAL-BR-FUS-0269,Fusor compatible Brother 263 magenta,fusor,Brother,Brother LaserJet 263,"Brother 263, Brother 264, Brother 265",61,24,57.46,82.52,PROV002,True
PAL-SA-TAM-0270,Tambor compatible Samsung 326 tricolor,tambor,Samsung,Samsung LaserJet 326,"Samsung 326, Samsung 327, Samsung 328",43,14,34.73,44.37,PROV008,True
PAL-LE-FUS-0271,Fusor compatible Lexmark 582 tricolor,fusor,Lexmark,Lexmark LaserJet 582,"Lexmark 582, Lexmark 583, Lexmark 584",79,18,100.4,157.11,PROV004,True
PAL-BR-CIN-0272,Cinta compatible Brother 640 amarillo,cinta,Brother,Brother LaserJet 640,"Brother 640, Brother 641, Brother 642",18,12,93.86,117.66,PROV001,True
PAL-EP-CIN-0273,Cinta compatible Epson 253 tricolor,cinta,Epson,Epson LaserJet 253,"Epson 253, Epson 254, Epson 255",137,33,28.07,44.56,PROV002,True
PAL-EP-KIT-0274,Kit Mantenimiento compatible Epson 600 tricolor,kit mantenimiento,Epson,Epson LaserJet 600,"Epson 600, Epson 601, Epson 602",24,8,19.09,27.48,PROV008,True
PAL-CA-CIN-0275,Cinta compatible Canon 567 amarillo,cinta,Canon,Canon LaserJet 567,"Canon 567, Canon 568, Canon 569",48,24,76.8,112.15,PROV001,True
PAL-XE-TAM-0276,Tambor compatible Xerox 863 negro,tambor,Xerox,Xerox LaserJet 863,"Xerox 863, Xerox 864, Xerox 865",110,32,34.58,43.27,PROV006,True
PAL-BR-CIN-0277,Cinta compatible Brother 170 negro,cinta,Brother,Brother LaserJet 170,"Brother 170, Brother 171, Brother 172",73,23,128.31,182.58,PROV007,True
PAL-CA-TIN-0278,Tinta compatible Canon 483 amarillo,tinta,Canon,Canon LaserJet 483,"Canon 483, Canon 484, Canon 485",69,29,129.13,178.78,PROV007,True
PAL-BR-KIT-0279,Kit Mantenimiento compatible Brother 236 tricolor,kit mantenimiento,Brother,Brother LaserJet 236,"Brother 236, Brother 237, Brother 238",49,16,87.73,120.15,PROV007,True
PAL-CA-KIT-0280,Kit Mantenimiento compatible Canon 954 cyan,kit mantenimiento,Canon,Canon LaserJet 954,"Canon 954, Canon 955, Canon 956",62,24,8.42,10.35,PROV008,True
PAL-XE-CIN-0281,Cinta compatible Xerox 943 amarillo,cinta,Xerox,Xerox LaserJet 943,"Xerox 943, Xerox 944, Xerox 945",43,14,36.02,51.08,PROV005,True
PAL-EP-KIT-0282,Kit Mantenimiento compatible Epson 132 negro,kit mantenimiento,Epson,Epson LaserJet 132,"Epson 132, Epson 133, Epson 134",21,6,106.76,149.49,PROV004,True
PAL-EP-TON-0283,Toner compatible Epson 708 negro,toner,Epson,Epson LaserJet 708,"Epson 708, Epson 709, Epson 710",36,8,12.1,17.87,PROV004,True
PAL-HP-FUS-0284,Fusor compatible HP 339 amarillo,fusor,HP,HP LaserJet 339,"HP 339, HP 340, HP 341",14,8,73.85,114.05,PROV003,True
PAL-SA-TIN-0285,Tinta compatible Samsung 426 tricolor,tinta,Samsung,Samsung LaserJet 426,"Samsung 426, Samsung 427, Samsung 428",128,25,78.45,121.77,PROV004,True
PAL-SA-TIN-0286,Tinta compatible Samsung 326 tricolor,tinta,Samsung,Samsung LaserJet 326,"Samsung 326, Samsung 327, Samsung 328",41,40,58.45,78.22,PROV003,True
PAL-XE-CIN-0287,Cinta compatible Xerox 148 amarillo,cinta,Xerox,Xerox LaserJet 148,"Xerox 148, Xerox 149, Xerox 150",82,29,126.62,205.74,PROV006,True
PAL-XE-FUS-0288,Fusor compatible Xerox 407 cyan,fusor,Xerox,Xerox LaserJet 407,"Xerox 407, Xerox 408, Xerox 409",125,35,53.93,83.29,PROV004,True
PAL-EP-TAM-0289,Tambor compatible Epson 925 cyan,tambor,Epson,Epson LaserJet 925,"Epson 925, Epson 926, Epson 927",101,31,64.49,80.28,PROV007,True
PAL-CA-FUS-0290,Fusor compatible Canon 361 cyan,fusor,Canon,Canon LaserJet 361,"Canon 361, Canon 362, Canon 363",78,33,32.81,49.15,PROV006,True
PAL-BR-CIN-0291,Cinta compatible Brother 152 cyan,cinta,Brother,Brother LaserJet 152,"Brother 152, Brother 153, Brother 154",19,7,40.75,61.52,PROV002,True
PAL-EP-CIN-0292,Cinta compatible Epson 322 tricolor,cinta,Epson,Epson LaserJet 322,"Epson 322, Epson 323, Epson 324",65,26,66.49,105.98,PROV005,True
PAL-HP-TIN-0293,Tinta compatible HP 859 cyan,tinta,HP,HP LaserJet 859,"HP 859, HP 860, HP 861",84,35,22.31,36.81,PROV004,True
PAL-EP-FUS-0294,Fusor compatible Epson 665 cyan,fusor,Epson,Epson LaserJet 665,"Epson 665, Epson 666, Epson 667",130,34,47.24,63.38,PROV006,True
PAL-SA-TAM-0295,Tambor compatible Samsung 625 magenta,tambor,Samsung,Samsung LaserJet 625,"Samsung 625, Samsung 626, Samsung 627",117,35,115.7,164.34,PROV006,True
PAL-EP-TAM-0296,Tambor compatible Epson 523 magenta,tambor,Epson,Epson LaserJet 523,"Epson 523, Epson 524, Epson 525",32,14,13.58,21.61,PROV001,True
PAL-SA-CIN-0297,Cinta compatible Samsung 693 tricolor,cinta,Samsung,Samsung LaserJet 693,"Samsung 693, Samsung 694, Samsung 695",66,17,95.84,129.09,PROV006,True
PAL-EP-FUS-0298,Fusor compatible Epson 953 tricolor,fusor,Epson,Epson LaserJet 953,"Epson 953, Epson 954, Epson 955",85,26,37.98,55.33,PROV005,True
PAL-KY-KIT-0299,Kit Mantenimiento compatible Kyocera 571 amarillo,kit mantenimiento,Kyocera,Kyocera LaserJet 571,"Kyocera 571, Kyocera 572, Kyocera 573",57,15,28.52,44.54,PROV003,True
PAL-KY-TIN-0300,Tinta compatible Kyocera 757 tricolor,tinta,Kyocera,Kyocera LaserJet 757,"Kyocera 757, Kyocera 758, Kyocera 759",32,9,124.78,180.34,PROV001,True
PAL-HP-FUS-0301,Fusor compatible HP 962 cyan,fusor,HP,HP LaserJet 962,"HP 962, HP 963, HP 964",30,14,84.95,106.12,PROV001,True
PAL-EP-CIN-0302,Cinta compatible Epson 482 amarillo,cinta,Epson,Epson LaserJet 482,"Epson 482, Epson 483, Epson 484",85,35,15.37,22.97,PROV008,True
PAL-HP-TON-0303,Toner compatible HP 664 tricolor,toner,HP,HP LaserJet 664,"HP 664, HP 665, HP 666",82,22,58.18,71.4,PROV005,True
PAL-HP-CIN-0304,Cinta compatible HP 925 amarillo,cinta,HP,HP LaserJet 925,"HP 925, HP 926, HP 927",39,11,122.64,159.07,PROV003,True
PAL-EP-TIN-0305,Tinta compatible Epson 639 tricolor,tinta,Epson,Epson LaserJet 639,"Epson 639, Epson 640, Epson 641",89,30,38.8,53.25,PROV002,True
PAL-LE-FUS-0306,Fusor compatible Lexmark 678 amarillo,fusor,Lexmark,Lexmark LaserJet 678,"Lexmark 678, Lexmark 679, Lexmark 680",74,24,37.67,57.25,PROV002,True
PAL-HP-TON-0307,Toner compatible HP 488 amarillo,toner,HP,HP LaserJet 488,"HP 488, HP 489, HP 490",21,5,54.01,76.95,PROV003,True
PAL-BR-FUS-0308,Fusor compatible Brother 760 amarillo,fusor,Brother,Brother LaserJet 760,"Brother 760, Brother 761, Brother 762",26,11,103.69,151.73,PROV001,True
PAL-EP-TIN-0309,Tinta compatible Epson 586 tricolor,tinta,Epson,Epson LaserJet 586,"Epson 586, Epson 587, Epson 588",78,22,41.07,66.43,PROV001,True
PAL-CA-TAM-0310,Tambor compatible Canon 312 negro,tambor,Canon,Canon LaserJet 312,"Canon 312, Canon 313, Canon 314",83,30,79.62,122.89,PROV002,True
PAL-SA-TIN-0311,Tinta compatible Samsung 346 tricolor,tinta,Samsung,Samsung LaserJet 346,"Samsung 346, Samsung 347, Samsung 348",108,39,77.14,122.29,PROV006,True
PAL-XE-KIT-0312,Kit Mantenimiento compatible Xerox 909 cyan,kit mantenimiento,Xerox,Xerox LaserJet 909,"Xerox 909, Xerox 910, Xerox 911",151,37,128.59,196.92,PROV006,True
PAL-HP-TON-0313,Toner compatible HP 337 amarillo,toner,HP,HP LaserJet 337,"HP 337, HP 338, HP 339",114,30,110.32,150.75,PROV006,True
PAL-HP-KIT-0314,Kit Mantenimiento compatible HP 902 magenta,kit mantenimiento,HP,HP LaserJet 902,"HP 902, HP 903, HP 904",102,27,129.1,184.74,PROV007,True
PAL-XE-TIN-0315,Tinta compatible Xerox 776 tricolor,tinta,Xerox,Xerox LaserJet 776,"Xerox 776, Xerox 777, Xerox 778",99,23,54.37,84.38,PROV004,True
PAL-BR-TON-0316,Toner compatible Brother 257 magenta,toner,Brother,Brother LaserJet 257,"Brother 257, Brother 258, Brother 259",42,14,54.36,84.64,PROV007,True
PAL-LE-TAM-0317,Tambor compatible Lexmark 193 negro,tambor,Lexmark,Lexmark LaserJet 193,"Lexmark 193, Lexmark 194, Lexmark 195",103,28,8.63,11.67,PROV005,True
PAL-BR-TIN-0318,Tinta compatible Brother 291 negro,tinta,Brother,Brother LaserJet 291,"Brother 291, Brother 292, Brother 293",99,37,60.58,88.42,PROV007,True
PAL-BR-TON-0319,Toner compatible Brother 462 negro,toner,Brother,Brother LaserJet 462,"Brother 462, Brother 463, Brother 464",83,25,75.61,111.65,PROV007,True
PAL-HP-TAM-0320,Tambor compatible HP 497 amarillo,tambor,HP,HP LaserJet 497,"HP 497, HP 498, HP 499",114,40,103.06,157.86,PROV004,True
PAL-CA-KIT-0321,Kit Mantenimiento compatible Canon 273 amarillo,kit mantenimiento,Canon,Canon LaserJet 273,"Canon 273, Canon 274, Canon 275",111,36,24.94,33.66,PROV003,True
PAL-BR-TIN-0322,Tinta compatible Brother 382 amarillo,tinta,Brother,Brother LaserJet 382,"Brother 382, Brother 383, Brother 384",32,9,59.37,84.79,PROV006,True
PAL-SA-TIN-0323,Tinta compatible Samsung 708 amarillo,tinta,Samsung,Samsung LaserJet 708,"Samsung 708, Samsung 709, Samsung 710",28,13,83.23,117.93,PROV005,True
PAL-HP-FUS-0324,Fusor compatible HP 961 magenta,fusor,HP,HP LaserJet 961,"HP 961, HP 962, HP 963",132,26,83.66,130.99,PROV008,True
PAL-LE-FUS-0325,Fusor compatible Lexmark 239 tricolor,fusor,Lexmark,Lexmark LaserJet 239,"Lexmark 239, Lexmark 240, Lexmark 241",33,17,44.65,66.05,PROV008,True
PAL-LE-TIN-0326,Tinta compatible Lexmark 426 amarillo,tinta,Lexmark,Lexmark LaserJet 426,"Lexmark 426, Lexmark 427, Lexmark 428",64,36,43.56,66.16,PROV004,True
PAL-LE-FUS-0327,Fusor compatible Lexmark 936 magenta,fusor,Lexmark,Lexmark LaserJet 936,"Lexmark 936, Lexmark 937, Lexmark 938",70,17,103.88,143.04,PROV003,True
PAL-HP-KIT-0328,Kit Mantenimiento compatible HP 825 amarillo,kit mantenimiento,HP,HP LaserJet 825,"HP 825, HP 826, HP 827",34,9,33.58,52.49,PROV007,True
PAL-KY-TIN-0329,Tinta compatible Kyocera 347 magenta,tinta,Kyocera,Kyocera LaserJet 347,"Kyocera 347, Kyocera 348, Kyocera 349",115,32,38.83,49.95,PROV007,True
PAL-BR-FUS-0330,Fusor compatible Brother 590 tricolor,fusor,Brother,Brother LaserJet 590,"Brother 590, Brother 591, Brother 592",112,31,79.03,114.58,PROV001,True
PAL-LE-KIT-0331,Kit Mantenimiento compatible Lexmark 708 tricolor,kit mantenimiento,Lexmark,Lexmark LaserJet 708,"Lexmark 708, Lexmark 709, Lexmark 710",59,20,85.86,107.89,PROV006,True
PAL-CA-KIT-0332,Kit Mantenimiento compatible Canon 145 tricolor,kit mantenimiento,Canon,Canon LaserJet 145,"Canon 145, Canon 146, Canon 147",63,30,76.71,114.86,PROV006,True
PAL-XE-TON-0333,Toner compatible Xerox 200 negro,toner,Xerox,Xerox LaserJet 200,"Xerox 200, Xerox 201, Xerox 202",116,38,39.57,56.96,PROV004,True
PAL-KY-TAM-0334,Tambor compatible Kyocera 574 amarillo,tambor,Kyocera,Kyocera LaserJet 574,"Kyocera 574, Kyocera 575, Kyocera 576",85,37,102.23,150.59,PROV003,True
PAL-LE-TON-0335,Toner compatible Lexmark 207 amarillo,toner,Lexmark,Lexmark LaserJet 207,"Lexmark 207, Lexmark 208, Lexmark 209",39,10,44.04,71.16,PROV002,True
PAL-CA-TAM-0336,Tambor compatible Canon 451 magenta,tambor,Canon,Canon LaserJet 451,"Canon 451, Canon 452, Canon 453",99,35,63.55,83.18,PROV006,True
PAL-KY-TON-0337,Toner compatible Kyocera 839 amarillo,toner,Kyocera,Kyocera LaserJet 839,"Kyocera 839, Kyocera 840, Kyocera 841",52,24,93.01,126.23,PROV001,True
PAL-BR-TON-0338,Toner compatible Brother 763 magenta,toner,Brother,Brother LaserJet 763,"Brother 763, Brother 764, Brother 765",53,20,21.34,33.38,PROV003,True
PAL-CA-TAM-0339,Tambor compatible Canon 536 tricolor,tambor,Canon,Canon LaserJet 536,"Canon 536, Canon 537, Canon 538",102,30,124.93,164.87,PROV003,True
PAL-CA-KIT-0340,Kit Mantenimiento compatible Canon 505 amarillo,kit mantenimiento,Canon,Canon LaserJet 505,"Canon 505, Canon 506, Canon 507",41,17,11.56,17.16,PROV008,True
PAL-XE-FUS-0341,Fusor compatible Xerox 821 negro,fusor,Xerox,Xerox LaserJet 821,"Xerox 821, Xerox 822, Xerox 823",19,9,34.21,45.83,PROV002,True
PAL-CA-TAM-0342,Tambor compatible Canon 301 magenta,tambor,Canon,Canon LaserJet 301,"Canon 301, Canon 302, Canon 303",116,36,63.82,85.06,PROV006,True
PAL-XE-CIN-0343,Cinta compatible Xerox 701 amarillo,cinta,Xerox,Xerox LaserJet 701,"Xerox 701, Xerox 702, Xerox 703",110,34,21.94,30.09,PROV003,True
PAL-SA-CIN-0344,Cinta compatible Samsung 186 tricolor,cinta,Samsung,Samsung LaserJet 186,"Samsung 186, Samsung 187, Samsung 188",49,20,90.0,121.92,PROV005,True
PAL-BR-TIN-0345,Tinta compatible Brother 810 magenta,tinta,Brother,Brother LaserJet 810,"Brother 810, Brother 811, Brother 812",32,13,25.25,35.02,PROV007,True
PAL-XE-TIN-0346,Tinta compatible Xerox 750 amarillo,tinta,Xerox,Xerox LaserJet 750,"Xerox 750, Xerox 751, Xerox 752",51,16,73.56,118.82,PROV003,True
PAL-KY-TAM-0347,Tambor compatible Kyocera 291 cyan,tambor,Kyocera,Kyocera LaserJet 291,"Kyocera 291, Kyocera 292, Kyocera 293",12,8,46.38,65.58,PROV006,True
PAL-HP-FUS-0348,Fusor compatible HP 299 cyan,fusor,HP,HP LaserJet 299,"HP 299, HP 300, HP 301",58,37,107.46,175.64,PROV008,True
PAL-XE-KIT-0349,Kit Mantenimiento compatible Xerox 525 amarillo,kit mantenimiento,Xerox,Xerox LaserJet 525,"Xerox 525, Xerox 526, Xerox 527",34,15,94.64,133.52,PROV002,True
PAL-HP-TIN-0350,Tinta compatible HP 133 magenta,tinta,HP,HP LaserJet 133,"HP 133, HP 134, HP 135",41,15,41.53,60.27,PROV008,True
PAL-KY-CIN-0351,Cinta compatible Kyocera 215 tricolor,cinta,Kyocera,Kyocera LaserJet 215,"Kyocera 215, Kyocera 216, Kyocera 217",129,39,77.87,103.97,PROV006,True
PAL-HP-KIT-0352,Kit Mantenimiento compatible HP 659 amarillo,kit mantenimiento,HP,HP LaserJet 659,"HP 659, HP 660, HP 661",89,20,34.66,48.62,PROV005,True
PAL-HP-FUS-0353,Fusor compatible HP 456 magenta,fusor,HP,HP LaserJet 456,"HP 456, HP 457, HP 458",46,12,113.19,142.33,PROV004,True
PAL-EP-KIT-0354,Kit Mantenimiento compatible Epson 805 tricolor,kit mantenimiento,Epson,Epson LaserJet 805,"Epson 805, Epson 806, Epson 807",90,32,50.78,77.47,PROV003,True
PAL-CA-TIN-0355,Tinta compatible Canon 924 cyan,tinta,Canon,Canon LaserJet 924,"Canon 924, Canon 925, Canon 926",65,22,15.24,20.89,PROV003,True
PAL-LE-KIT-0356,Kit Mantenimiento compatible Lexmark 396 magenta,kit mantenimiento,Lexmark,Lexmark LaserJet 396,"Lexmark 396, Lexmark 397, Lexmark 398",73,37,77.87,126.89,PROV002,True
PAL-CA-FUS-0357,Fusor compatible Canon 383 negro,fusor,Canon,Canon LaserJet 383,"Canon 383, Canon 384, Canon 385",38,13,113.78,145.02,PROV004,True
PAL-CA-KIT-0358,Kit Mantenimiento compatible Canon 948 magenta,kit mantenimiento,Canon,Canon LaserJet 948,"Canon 948, Canon 949, Canon 950",81,30,38.2,60.46,PROV008,True
PAL-CA-CIN-0359,Cinta compatible Canon 742 magenta,cinta,Canon,Canon LaserJet 742,"Canon 742, Canon 743, Canon 744",33,10,58.54,82.8,PROV007,True
PAL-SA-KIT-0360,Kit Mantenimiento compatible Samsung 565 magenta,kit mantenimiento,Samsung,Samsung LaserJet 565,"Samsung 565, Samsung 566, Samsung 567",10,5,123.93,168.64,PROV002,True
PAL-KY-KIT-0361,Kit Mantenimiento compatible Kyocera 970 magenta,kit mantenimiento,Kyocera,Kyocera LaserJet 970,"Kyocera 970, Kyocera 971, Kyocera 972",63,18,15.73,22.81,PROV007,True
PAL-EP-FUS-0362,Fusor compatible Epson 430 magenta,fusor,Epson,Epson LaserJet 430,"Epson 430, Epson 431, Epson 432",58,13,109.06,148.89,PROV008,True
PAL-LE-KIT-0363,Kit Mantenimiento compatible Lexmark 147 negro,kit mantenimiento,Lexmark,Lexmark LaserJet 147,"Lexmark 147, Lexmark 148, Lexmark 149",98,34,20.15,31.38,PROV001,True
PAL-BR-TIN-0364,Tinta compatible Brother 567 amarillo,tinta,Brother,Brother LaserJet 567,"Brother 567, Brother 568, Brother 569",57,17,8.08,13.19,PROV003,True
PAL-SA-TIN-0365,Tinta compatible Samsung 195 magenta,tinta,Samsung,Samsung LaserJet 195,"Samsung 195, Samsung 196, Samsung 197",103,28,87.86,116.65,PROV003,True
PAL-HP-FUS-0366,Fusor compatible HP 843 magenta,fusor,HP,HP LaserJet 843,"HP 843, HP 844, HP 845",25,10,93.33,123.26,PROV002,True
PAL-HP-TIN-0367,Tinta compatible HP 179 amarillo,tinta,HP,HP LaserJet 179,"HP 179, HP 180, HP 181",106,33,24.19,31.86,PROV001,True
PAL-HP-KIT-0368,Kit Mantenimiento compatible HP 936 magenta,kit mantenimiento,HP,HP LaserJet 936,"HP 936, HP 937, HP 938",39,13,22.71,36.11,PROV008,True
PAL-BR-TIN-0369,Tinta compatible Brother 191 amarillo,tinta,Brother,Brother LaserJet 191,"Brother 191, Brother 192, Brother 193",77,25,97.15,122.8,PROV006,True
PAL-SA-TIN-0370,Tinta compatible Samsung 892 amarillo,tinta,Samsung,Samsung LaserJet 892,"Samsung 892, Samsung 893, Samsung 894",31,14,107.23,171.14,PROV002,True
PAL-HP-CIN-0371,Cinta compatible HP 550 cyan,cinta,HP,HP LaserJet 550,"HP 550, HP 551, HP 552",42,14,50.84,66.68,PROV007,True
PAL-KY-TIN-0372,Tinta compatible Kyocera 202 negro,tinta,Kyocera,Kyocera LaserJet 202,"Kyocera 202, Kyocera 203, Kyocera 204",101,29,25.08,31.93,PROV006,True
PAL-XE-TAM-0373,Tambor compatible Xerox 353 cyan,tambor,Xerox,Xerox LaserJet 353,"Xerox 353, Xerox 354, Xerox 355",178,40,41.79,52.5,PROV005,True
PAL-HP-KIT-0374,Kit Mantenimiento compatible HP 310 magenta,kit mantenimiento,HP,HP LaserJet 310,"HP 310, HP 311, HP 312",118,30,71.17,102.42,PROV005,True
PAL-HP-TIN-0375,Tinta compatible HP 495 amarillo,tinta,HP,HP LaserJet 495,"HP 495, HP 496, HP 497",46,9,21.75,31.21,PROV001,True
PAL-LE-TAM-0376,Tambor compatible Lexmark 496 cyan,tambor,Lexmark,Lexmark LaserJet 496,"Lexmark 496, Lexmark 497, Lexmark 498",62,28,113.02,165.51,PROV003,True
PAL-KY-TON-0377,Toner compatible Kyocera 701 negro,toner,Kyocera,Kyocera LaserJet 701,"Kyocera 701, Kyocera 702, Kyocera 703",27,7,16.24,21.64,PROV001,True
PAL-XE-CIN-0378,Cinta compatible Xerox 743 magenta,cinta,Xerox,Xerox LaserJet 743,"Xerox 743, Xerox 744, Xerox 745",101,32,94.94,147.14,PROV007,True
PAL-BR-KIT-0379,Kit Mantenimiento compatible Brother 650 tricolor,kit mantenimiento,Brother,Brother LaserJet 650,"Brother 650, Brother 651, Brother 652",124,24,83.16,111.38,PROV002,True
PAL-EP-TIN-0380,Tinta compatible Epson 434 tricolor,tinta,Epson,Epson LaserJet 434,"Epson 434, Epson 435, Epson 436",19,9,55.67,83.1,PROV005,True
PAL-XE-KIT-0381,Kit Mantenimiento compatible Xerox 159 cyan,kit mantenimiento,Xerox,Xerox LaserJet 159,"Xerox 159, Xerox 160, Xerox 161",25,12,37.83,61.19,PROV008,True
PAL-HP-TAM-0382,Tambor compatible HP 222 cyan,tambor,HP,HP LaserJet 222,"HP 222, HP 223, HP 224",12,5,9.55,12.21,PROV003,True
PAL-KY-TAM-0383,Tambor compatible Kyocera 629 tricolor,tambor,Kyocera,Kyocera LaserJet 629,"Kyocera 629, Kyocera 630, Kyocera 631",13,15,103.52,158.38,PROV006,True
PAL-CA-KIT-0384,Kit Mantenimiento compatible Canon 850 magenta,kit mantenimiento,Canon,Canon LaserJet 850,"Canon 850, Canon 851, Canon 852",14,6,116.14,180.22,PROV006,True
PAL-XE-TAM-0385,Tambor compatible Xerox 165 tricolor,tambor,Xerox,Xerox LaserJet 165,"Xerox 165, Xerox 166, Xerox 167",20,9,40.08,65.7,PROV008,True
PAL-KY-CIN-0386,Cinta compatible Kyocera 156 magenta,cinta,Kyocera,Kyocera LaserJet 156,"Kyocera 156, Kyocera 157, Kyocera 158",88,28,68.95,100.93,PROV003,True
PAL-SA-TON-0387,Toner compatible Samsung 790 tricolor,toner,Samsung,Samsung LaserJet 790,"Samsung 790, Samsung 791, Samsung 792",123,37,96.18,126.79,PROV001,True
PAL-HP-TON-0388,Toner compatible HP 147 cyan,toner,HP,HP LaserJet 147,"HP 147, HP 148, HP 149",68,14,65.56,90.78,PROV003,True
PAL-HP-CIN-0389,Cinta compatible HP 329 amarillo,cinta,HP,HP LaserJet 329,"HP 329, HP 330, HP 331",98,25,47.26,66.12,PROV005,True
PAL-BR-CIN-0390,Cinta compatible Brother 222 magenta,cinta,Brother,Brother LaserJet 222,"Brother 222, Brother 223, Brother 224",38,16,69.25,111.34,PROV004,True
PAL-HP-FUS-0391,Fusor compatible HP 998 negro,fusor,HP,HP LaserJet 998,"HP 998, HP 999, HP 1000",50,24,64.74,86.84,PROV006,True
PAL-BR-CIN-0392,Cinta compatible Brother 108 amarillo,cinta,Brother,Brother LaserJet 108,"Brother 108, Brother 109, Brother 110",83,24,53.01,71.32,PROV004,True
PAL-KY-TAM-0393,Tambor compatible Kyocera 605 tricolor,tambor,Kyocera,Kyocera LaserJet 605,"Kyocera 605, Kyocera 606, Kyocera 607",65,39,129.73,201.55,PROV004,True
PAL-CA-TON-0394,Toner compatible Canon 124 amarillo,toner,Canon,Canon LaserJet 124,"Canon 124, Canon 125, Canon 126",24,5,36.43,49.87,PROV006,True
PAL-HP-KIT-0395,Kit Mantenimiento compatible HP 969 amarillo,kit mantenimiento,HP,HP LaserJet 969,"HP 969, HP 970, HP 971",75,18,98.05,132.59,PROV004,True
PAL-XE-FUS-0396,Fusor compatible Xerox 245 negro,fusor,Xerox,Xerox LaserJet 245,"Xerox 245, Xerox 246, Xerox 247",48,19,94.82,119.47,PROV007,True
PAL-LE-FUS-0397,Fusor compatible Lexmark 694 negro,fusor,Lexmark,Lexmark LaserJet 694,"Lexmark 694, Lexmark 695, Lexmark 696",38,30,19.66,25.11,PROV002,True
PAL-HP-FUS-0398,Fusor compatible HP 342 cyan,fusor,HP,HP LaserJet 342,"HP 342, HP 343, HP 344",130,30,43.58,69.11,PROV006,True
PAL-LE-FUS-0399,Fusor compatible Lexmark 339 magenta,fusor,Lexmark,Lexmark LaserJet 339,"Lexmark 339, Lexmark 340, Lexmark 341",31,11,17.11,22.37,PROV003,True
PAL-BR-TIN-0400,Tinta compatible Brother 577 amarillo,tinta,Brother,Brother LaserJet 577,"Brother 577, Brother 578, Brother 579",114,27,46.31,58.9,PROV004,True
PAL-KY-TAM-0401,Tambor compatible Kyocera 371 amarillo,tambor,Kyocera,Kyocera LaserJet 371,"Kyocera 371, Kyocera 372, Kyocera 373",33,24,112.0,140.99,PROV001,True
PAL-EP-TAM-0402,Tambor compatible Epson 193 cyan,tambor,Epson,Epson LaserJet 193,"Epson 193, Epson 194, Epson 195",72,30,94.76,155.07,PROV001,True
PAL-SA-TAM-0403,Tambor compatible Samsung 131 cyan,tambor,Samsung,Samsung LaserJet 131,"Samsung 131, Samsung 132, Samsung 133",120,40,124.16,197.1,PROV004,True
PAL-BR-FUS-0404,Fusor compatible Brother 923 negro,fusor,Brother,Brother LaserJet 923,"Brother 923, Brother 924, Brother 925",24,8,104.84,133.38,PROV004,True
PAL-CA-TIN-0405,Tinta compatible Canon 481 amarillo,tinta,Canon,Canon LaserJet 481,"Canon 481, Canon 482, Canon 483",25,10,91.73,148.89,PROV005,True
PAL-BR-TON-0406,Toner compatible Brother 302 negro,toner,Brother,Brother LaserJet 302,"Brother 302, Brother 303, Brother 304",47,13,118.1,166.6,PROV002,True
PAL-LE-TON-0407,Toner compatible Lexmark 572 negro,toner,Lexmark,Lexmark LaserJet 572,"Lexmark 572, Lexmark 573, Lexmark 574",61,32,14.18,22.93,PROV007,True
PAL-KY-TON-0408,Toner compatible Kyocera 799 amarillo,toner,Kyocera,Kyocera LaserJet 799,"Kyocera 799, Kyocera 800, Kyocera 801",45,16,60.05,82.4,PROV005,True
PAL-SA-FUS-0409,Fusor compatible Samsung 135 cyan,fusor,Samsung,Samsung LaserJet 135,"Samsung 135, Samsung 136, Samsung 137",71,23,82.92,123.16,PROV008,True
PAL-XE-CIN-0410,Cinta compatible Xerox 162 amarillo,cinta,Xerox,Xerox LaserJet 162,"Xerox 162, Xerox 163, Xerox 164",108,31,18.7,25.89,PROV004,True
PAL-EP-KIT-0411,Kit Mantenimiento compatible Epson 913 tricolor,kit mantenimiento,Epson,Epson LaserJet 913,"Epson 913, Epson 914, Epson 915",100,27,10.38,14.37,PROV008,True
PAL-KY-TAM-0412,Tambor compatible Kyocera 614 tricolor,tambor,Kyocera,Kyocera LaserJet 614,"Kyocera 614, Kyocera 615, Kyocera 616",11,6,47.24,63.13,PROV006,True
PAL-EP-TON-0413,Toner compatible Epson 159 magenta,toner,Epson,Epson LaserJet 159,"Epson 159, Epson 160, Epson 161",39,27,106.66,151.76,PROV004,True
PAL-CA-TON-0414,Toner compatible Canon 772 cyan,toner,Canon,Canon LaserJet 772,"Canon 772, Canon 773, Canon 774",34,8,37.42,54.24,PROV004,True
PAL-XE-TAM-0415,Tambor compatible Xerox 280 cyan,tambor,Xerox,Xerox LaserJet 280,"Xerox 280, Xerox 281, Xerox 282",89,27,36.86,50.01,PROV001,True
PAL-LE-CIN-0416,Cinta compatible Lexmark 245 tricolor,cinta,Lexmark,Lexmark LaserJet 245,"Lexmark 245, Lexmark 246, Lexmark 247",81,36,76.7,99.78,PROV005,True
PAL-CA-FUS-0417,Fusor compatible Canon 192 negro,fusor,Canon,Canon LaserJet 192,"Canon 192, Canon 193, Canon 194",27,6,14.85,21.96,PROV008,True
PAL-HP-TAM-0418,Tambor compatible HP 306 tricolor,tambor,HP,HP LaserJet 306,"HP 306, HP 307, HP 308",49,16,106.39,145.38,PROV006,True
PAL-HP-TON-0419,Toner compatible HP 700 cyan,toner,HP,HP LaserJet 700,"HP 700, HP 701, HP 702",50,12,93.97,120.37,PROV006,True
PAL-BR-TAM-0420,Tambor compatible Brother 700 amarillo,tambor,Brother,Brother LaserJet 700,"Brother 700, Brother 701, Brother 702",39,13,20.33,27.44,PROV003,True
PAL-XE-KIT-0421,Kit Mantenimiento compatible Xerox 764 amarillo,kit mantenimiento,Xerox,Xerox LaserJet 764,"Xerox 764, Xerox 765, Xerox 766",202,40,46.71,71.19,PROV006,True
PAL-EP-KIT-0422,Kit Mantenimiento compatible Epson 934 tricolor,kit mantenimiento,Epson,Epson LaserJet 934,"Epson 934, Epson 935, Epson 936",109,23,29.39,39.73,PROV003,True
PAL-CA-KIT-0423,Kit Mantenimiento compatible Canon 818 negro,kit mantenimiento,Canon,Canon LaserJet 818,"Canon 818, Canon 819, Canon 820",19,7,123.74,171.8,PROV003,True
PAL-LE-CIN-0424,Cinta compatible Lexmark 754 cyan,cinta,Lexmark,Lexmark LaserJet 754,"Lexmark 754, Lexmark 755, Lexmark 756",55,14,77.0,124.95,PROV006,True
PAL-BR-TIN-0425,Tinta compatible Brother 427 magenta,tinta,Brother,Brother LaserJet 427,"Brother 427, Brother 428, Brother 429",36,10,28.48,45.59,PROV006,True
PAL-KY-TON-0426,Toner compatible Kyocera 314 magenta,toner,Kyocera,Kyocera LaserJet 314,"Kyocera 314, Kyocera 315, Kyocera 316",91,21,38.44,48.02,PROV002,True
PAL-HP-TON-0427,Toner compatible HP 548 amarillo,toner,HP,HP LaserJet 548,"HP 548, HP 549, HP 550",63,31,97.38,159.38,PROV008,True
PAL-XE-TAM-0428,Tambor compatible Xerox 484 tricolor,tambor,Xerox,Xerox LaserJet 484,"Xerox 484, Xerox 485, Xerox 486",70,19,20.37,29.05,PROV003,True
PAL-KY-TON-0429,Toner compatible Kyocera 401 negro,toner,Kyocera,Kyocera LaserJet 401,"Kyocera 401, Kyocera 402, Kyocera 403",44,11,10.45,13.92,PROV002,True
PAL-LE-TIN-0430,Tinta compatible Lexmark 264 amarillo,tinta,Lexmark,Lexmark LaserJet 264,"Lexmark 264, Lexmark 265, Lexmark 266",12,10,97.3,141.59,PROV006,True
PAL-KY-KIT-0431,Kit Mantenimiento compatible Kyocera 541 negro,kit mantenimiento,Kyocera,Kyocera LaserJet 541,"Kyocera 541, Kyocera 542, Kyocera 543",58,32,122.98,158.76,PROV003,True
PAL-HP-TON-0432,Toner compatible HP 310 magenta,toner,HP,HP LaserJet 310,"HP 310, HP 311, HP 312",38,40,126.88,177.12,PROV005,True
PAL-SA-TAM-0433,Tambor compatible Samsung 198 cyan,tambor,Samsung,Samsung LaserJet 198,"Samsung 198, Samsung 199, Samsung 200",98,36,14.06,20.61,PROV003,True
PAL-HP-TAM-0434,Tambor compatible HP 537 negro,tambor,HP,HP LaserJet 537,"HP 537, HP 538, HP 539",130,35,18.69,29.42,PROV004,True
PAL-BR-TON-0435,Toner compatible Brother 274 cyan,toner,Brother,Brother LaserJet 274,"Brother 274, Brother 275, Brother 276",157,35,85.86,140.82,PROV002,True
PAL-SA-FUS-0436,Fusor compatible Samsung 600 amarillo,fusor,Samsung,Samsung LaserJet 600,"Samsung 600, Samsung 601, Samsung 602",119,39,117.18,156.31,PROV007,True
PAL-CA-TAM-0437,Tambor compatible Canon 478 amarillo,tambor,Canon,Canon LaserJet 478,"Canon 478, Canon 479, Canon 480",152,33,30.76,38.12,PROV008,True
PAL-SA-TIN-0438,Tinta compatible Samsung 677 magenta,tinta,Samsung,Samsung LaserJet 677,"Samsung 677, Samsung 678, Samsung 679",17,11,15.52,23.95,PROV002,True
PAL-LE-CIN-0439,Cinta compatible Lexmark 874 amarillo,cinta,Lexmark,Lexmark LaserJet 874,"Lexmark 874, Lexmark 875, Lexmark 876",37,29,79.95,116.57,PROV007,True
PAL-KY-CIN-0440,Cinta compatible Kyocera 587 cyan,cinta,Kyocera,Kyocera LaserJet 587,"Kyocera 587, Kyocera 588, Kyocera 589",20,7,44.46,61.79,PROV003,True
PAL-BR-FUS-0441,Fusor compatible Brother 271 cyan,fusor,Brother,Brother LaserJet 271,"Brother 271, Brother 272, Brother 273",43,13,126.6,198.46,PROV001,True
PAL-XE-TON-0442,Toner compatible Xerox 306 amarillo,toner,Xerox,Xerox LaserJet 306,"Xerox 306, Xerox 307, Xerox 308",62,21,129.67,193.17,PROV006,True
PAL-BR-TON-0443,Toner compatible Brother 669 amarillo,toner,Brother,Brother LaserJet 669,"Brother 669, Brother 670, Brother 671",20,22,56.48,76.83,PROV008,True
PAL-HP-KIT-0444,Kit Mantenimiento compatible HP 701 tricolor,kit mantenimiento,HP,HP LaserJet 701,"HP 701, HP 702, HP 703",90,31,71.75,100.48,PROV003,True
PAL-CA-CIN-0445,Cinta compatible Canon 696 tricolor,cinta,Canon,Canon LaserJet 696,"Canon 696, Canon 697, Canon 698",18,11,100.52,163.25,PROV002,True
PAL-SA-CIN-0446,Cinta compatible Samsung 998 magenta,cinta,Samsung,Samsung LaserJet 998,"Samsung 998, Samsung 999, Samsung 1000",132,36,58.13,80.49,PROV008,True
PAL-HP-TIN-0447,Tinta compatible HP 512 magenta,tinta,HP,HP LaserJet 512,"HP 512, HP 513, HP 514",100,30,25.55,37.86,PROV001,True
PAL-XE-TAM-0448,Tambor compatible Xerox 150 cyan,tambor,Xerox,Xerox LaserJet 150,"Xerox 150, Xerox 151, Xerox 152",57,28,98.98,159.95,PROV001,True
PAL-LE-TAM-0449,Tambor compatible Lexmark 387 magenta,tambor,Lexmark,Lexmark LaserJet 387,"Lexmark 387, Lexmark 388, Lexmark 389",27,11,110.83,176.11,PROV004,True
PAL-CA-TAM-0450,Tambor compatible Canon 892 amarillo,tambor,Canon,Canon LaserJet 892,"Canon 892, Canon 893, Canon 894",60,31,108.75,145.27,PROV002,True
PAL-EP-FUS-0451,Fusor compatible Epson 943 cyan,fusor,Epson,Epson LaserJet 943,"Epson 943, Epson 944, Epson 945",111,38,57.67,82.37,PROV006,True
PAL-HP-CIN-0452,Cinta compatible HP 167 cyan,cinta,HP,HP LaserJet 167,"HP 167, HP 168, HP 169",51,13,45.96,66.09,PROV001,True
PAL-CA-TIN-0453,Tinta compatible Canon 957 cyan,tinta,Canon,Canon LaserJet 957,"Canon 957, Canon 958, Canon 959",16,8,15.03,18.55,PROV006,True
PAL-EP-TAM-0454,Tambor compatible Epson 943 magenta,tambor,Epson,Epson LaserJet 943,"Epson 943, Epson 944, Epson 945",42,12,64.63,89.88,PROV001,True
PAL-EP-TAM-0455,Tambor compatible Epson 708 amarillo,tambor,Epson,Epson LaserJet 708,"Epson 708, Epson 709, Epson 710",86,35,62.42,101.93,PROV006,True
PAL-LE-TIN-0456,Tinta compatible Lexmark 866 magenta,tinta,Lexmark,Lexmark LaserJet 866,"Lexmark 866, Lexmark 867, Lexmark 868",13,6,109.37,137.68,PROV007,True
PAL-HP-TIN-0457,Tinta compatible HP 898 tricolor,tinta,HP,HP LaserJet 898,"HP 898, HP 899, HP 900",54,19,125.72,199.71,PROV004,True
PAL-SA-KIT-0458,Kit Mantenimiento compatible Samsung 625 amarillo,kit mantenimiento,Samsung,Samsung LaserJet 625,"Samsung 625, Samsung 626, Samsung 627",9,5,10.45,16.26,PROV008,True
PAL-CA-KIT-0459,Kit Mantenimiento compatible Canon 715 cyan,kit mantenimiento,Canon,Canon LaserJet 715,"Canon 715, Canon 716, Canon 717",58,24,105.71,139.14,PROV005,True
PAL-XE-FUS-0460,Fusor compatible Xerox 570 magenta,fusor,Xerox,Xerox LaserJet 570,"Xerox 570, Xerox 571, Xerox 572",68,38,38.74,55.04,PROV007,True
PAL-BR-TON-0461,Toner compatible Brother 778 tricolor,toner,Brother,Brother LaserJet 778,"Brother 778, Brother 779, Brother 780",198,40,125.91,199.06,PROV005,True
PAL-SA-KIT-0462,Kit Mantenimiento compatible Samsung 593 negro,kit mantenimiento,Samsung,Samsung LaserJet 593,"Samsung 593, Samsung 594, Samsung 595",75,25,15.79,25.97,PROV005,True
PAL-SA-KIT-0463,Kit Mantenimiento compatible Samsung 292 magenta,kit mantenimiento,Samsung,Samsung LaserJet 292,"Samsung 292, Samsung 293, Samsung 294",18,8,26.29,40.73,PROV007,True
PAL-LE-KIT-0464,Kit Mantenimiento compatible Lexmark 838 cyan,kit mantenimiento,Lexmark,Lexmark LaserJet 838,"Lexmark 838, Lexmark 839, Lexmark 840",73,23,11.11,15.93,PROV005,True
PAL-XE-FUS-0465,Fusor compatible Xerox 854 amarillo,fusor,Xerox,Xerox LaserJet 854,"Xerox 854, Xerox 855, Xerox 856",49,17,12.31,18.77,PROV006,True
PAL-EP-KIT-0466,Kit Mantenimiento compatible Epson 753 tricolor,kit mantenimiento,Epson,Epson LaserJet 753,"Epson 753, Epson 754, Epson 755",75,27,103.76,167.03,PROV005,True
PAL-CA-KIT-0467,Kit Mantenimiento compatible Canon 285 tricolor,kit mantenimiento,Canon,Canon LaserJet 285,"Canon 285, Canon 286, Canon 287",75,21,43.84,62.36,PROV003,True
PAL-LE-KIT-0468,Kit Mantenimiento compatible Lexmark 327 negro,kit mantenimiento,Lexmark,Lexmark LaserJet 327,"Lexmark 327, Lexmark 328, Lexmark 329",90,24,51.34,79.06,PROV007,True
PAL-LE-TAM-0469,Tambor compatible Lexmark 699 magenta,tambor,Lexmark,Lexmark LaserJet 699,"Lexmark 699, Lexmark 700, Lexmark 701",86,35,43.87,69.58,PROV001,True
PAL-BR-FUS-0470,Fusor compatible Brother 612 cyan,fusor,Brother,Brother LaserJet 612,"Brother 612, Brother 613, Brother 614",92,38,22.62,34.22,PROV005,True
PAL-XE-TON-0471,Toner compatible Xerox 240 cyan,toner,Xerox,Xerox LaserJet 240,"Xerox 240, Xerox 241, Xerox 242",92,34,129.07,176.48,PROV003,True
PAL-LE-KIT-0472,Kit Mantenimiento compatible Lexmark 897 cyan,kit mantenimiento,Lexmark,Lexmark LaserJet 897,"Lexmark 897, Lexmark 898, Lexmark 899",11,16,17.86,24.34,PROV006,True
PAL-HP-TON-0473,Toner compatible HP 380 amarillo,toner,HP,HP LaserJet 380,"HP 380, HP 381, HP 382",22,15,33.54,52.07,PROV008,True
PAL-BR-TIN-0474,Tinta compatible Brother 544 tricolor,tinta,Brother,Brother LaserJet 544,"Brother 544, Brother 545, Brother 546",152,35,85.29,118.85,PROV007,True
PAL-HP-TON-0475,Toner compatible HP 304 tricolor,toner,HP,HP LaserJet 304,"HP 304, HP 305, HP 306",116,25,97.14,158.2,PROV004,True
PAL-HP-KIT-0476,Kit Mantenimiento compatible HP 741 negro,kit mantenimiento,HP,HP LaserJet 741,"HP 741, HP 742, HP 743",74,27,97.5,128.44,PROV005,True
PAL-CA-TON-0477,Toner compatible Canon 615 amarillo,toner,Canon,Canon LaserJet 615,"Canon 615, Canon 616, Canon 617",25,7,79.82,103.11,PROV005,True
PAL-SA-FUS-0478,Fusor compatible Samsung 710 tricolor,fusor,Samsung,Samsung LaserJet 710,"Samsung 710, Samsung 711, Samsung 712",43,13,71.94,101.18,PROV006,True
PAL-KY-TAM-0479,Tambor compatible Kyocera 268 cyan,tambor,Kyocera,Kyocera LaserJet 268,"Kyocera 268, Kyocera 269, Kyocera 270",182,30,123.67,199.71,PROV001,True
PAL-EP-TIN-0480,Tinta compatible Epson 316 cyan,tinta,Epson,Epson LaserJet 316,"Epson 316, Epson 317, Epson 318",61,15,97.56,143.76,PROV002,True
PAL-LE-KIT-0481,Kit Mantenimiento compatible Lexmark 484 negro,kit mantenimiento,Lexmark,Lexmark LaserJet 484,"Lexmark 484, Lexmark 485, Lexmark 486",112,39,114.94,152.87,PROV001,True
PAL-HP-KIT-0482,Kit Mantenimiento compatible HP 769 negro,kit mantenimiento,HP,HP LaserJet 769,"HP 769, HP 770, HP 771",24,12,110.01,136.49,PROV007,True
PAL-KY-FUS-0483,Fusor compatible Kyocera 660 negro,fusor,Kyocera,Kyocera LaserJet 660,"Kyocera 660, Kyocera 661, Kyocera 662",25,18,38.83,59.09,PROV001,True
PAL-SA-FUS-0484,Fusor compatible Samsung 778 negro,fusor,Samsung,Samsung LaserJet 778,"Samsung 778, Samsung 779, Samsung 780",41,13,71.48,106.35,PROV007,True
PAL-BR-CIN-0485,Cinta compatible Brother 220 tricolor,cinta,Brother,Brother LaserJet 220,"Brother 220, Brother 221, Brother 222",80,36,42.49,66.18,PROV004,True
PAL-EP-TAM-0486,Tambor compatible Epson 306 tricolor,tambor,Epson,Epson LaserJet 306,"Epson 306, Epson 307, Epson 308",23,15,51.67,72.14,PROV001,True
PAL-KY-TIN-0487,Tinta compatible Kyocera 438 amarillo,tinta,Kyocera,Kyocera LaserJet 438,"Kyocera 438, Kyocera 439, Kyocera 440",23,10,36.61,44.86,PROV002,True
PAL-KY-TIN-0488,Tinta compatible Kyocera 898 negro,tinta,Kyocera,Kyocera LaserJet 898,"Kyocera 898, Kyocera 899, Kyocera 900",21,11,70.43,107.84,PROV005,True
PAL-EP-FUS-0489,Fusor compatible Epson 370 magenta,fusor,Epson,Epson LaserJet 370,"Epson 370, Epson 371, Epson 372",74,16,64.64,81.64,PROV001,True
PAL-SA-TAM-0490,Tambor compatible Samsung 536 magenta,tambor,Samsung,Samsung LaserJet 536,"Samsung 536, Samsung 537, Samsung 538",27,7,98.1,123.69,PROV001,True
PAL-CA-KIT-0491,Kit Mantenimiento compatible Canon 436 cyan,kit mantenimiento,Canon,Canon LaserJet 436,"Canon 436, Canon 437, Canon 438",65,22,51.62,72.69,PROV002,True
PAL-LE-TAM-0492,Tambor compatible Lexmark 216 cyan,tambor,Lexmark,Lexmark LaserJet 216,"Lexmark 216, Lexmark 217, Lexmark 218",98,22,56.89,92.95,PROV007,True
PAL-KY-FUS-0493,Fusor compatible Kyocera 215 cyan,fusor,Kyocera,Kyocera LaserJet 215,"Kyocera 215, Kyocera 216, Kyocera 217",46,15,24.17,37.04,PROV002,True
PAL-XE-CIN-0494,Cinta compatible Xerox 921 amarillo,cinta,Xerox,Xerox LaserJet 921,"Xerox 921, Xerox 922, Xerox 923",62,29,77.41,109.03,PROV006,True
PAL-HP-KIT-0495,Kit Mantenimiento compatible HP 594 cyan,kit mantenimiento,HP,HP LaserJet 594,"HP 594, HP 595, HP 596",140,31,120.29,152.6,PROV008,True
PAL-HP-TON-0496,Toner compatible HP 770 magenta,toner,HP,HP LaserJet 770,"HP 770, HP 771, HP 772",134,38,46.34,70.57,PROV004,True
PAL-LE-CIN-0497,Cinta compatible Lexmark 804 tricolor,cinta,Lexmark,Lexmark LaserJet 804,"Lexmark 804, Lexmark 805, Lexmark 806",39,20,93.47,117.86,PROV008,True
PAL-LE-KIT-0498,Kit Mantenimiento compatible Lexmark 252 amarillo,kit mantenimiento,Lexmark,Lexmark LaserJet 252,"Lexmark 252, Lexmark 253, Lexmark 254",22,8,110.36,161.14,PROV001,True
PAL-CA-CIN-0499,Cinta compatible Canon 972 amarillo,cinta,Canon,Canon LaserJet 972,"Canon 972, Canon 973, Canon 974",76,36,68.49,88.43,PROV006,True
PAL-EP-TAM-0500,Tambor compatible Epson 151 magenta,tambor,Epson,Epson LaserJet 151,"Epson 151, Epson 152, Epson 153",46,29,69.85,101.75,PROV007,True
